image_path,new_pred
data/raw/ava/images/342907.jpg,0.2558966875076294
data/raw/ava/images/458422.jpg,0.5778977274894714
data/raw/ava/images/167448.jpg,0.6092427968978882
data/raw/ava/images/151868.jpg,0.2695690989494324
data/raw/ava/images/827555.jpg,0.2037016153335571
data/raw/ava/images/64888.jpg,0.1034564599394798
data/raw/ava/images/736361.jpg,0.3209647834300995
data/raw/ava/images/427576.jpg,0.4270627200603485
data/raw/ava/images/281362.jpg,0.6509499549865723
data/raw/ava/images/24026.jpg,0.1803026795387268
data/raw/ava/images/171543.jpg,0.3106766045093536
data/raw/ava/images/315333.jpg,0.3227719366550445
data/raw/ava/images/510854.jpg,0.5550833940505981
data/raw/ava/images/456395.jpg,0.1405448466539383
data/raw/ava/images/606233.jpg,0.5918138027191162
data/raw/ava/images/130805.jpg,0.1154438108205795
data/raw/ava/images/39941.jpg,0.5821335315704346
data/raw/ava/images/517019.jpg,0.5724288821220398
data/raw/ava/images/60001.jpg,0.2455934584140777
data/raw/ava/images/921467.jpg,0.7641874551773071
data/raw/ava/images/166014.jpg,0.4286119043827057
data/raw/ava/images/799145.jpg,0.4006432890892029
data/raw/ava/images/438083.jpg,0.5710326433181763
data/raw/ava/images/908430.jpg,0.8109684586524963
data/raw/ava/images/587087.jpg,0.5254999399185181
data/raw/ava/images/239549.jpg,0.3730606734752655
data/raw/ava/images/386130.jpg,0.365192711353302
data/raw/ava/images/610081.jpg,0.5591644048690796
data/raw/ava/images/315476.jpg,0.1336780190467834
data/raw/ava/images/538568.jpg,0.6969668865203857
data/raw/ava/images/324141.jpg,0.2896572947502136
data/raw/ava/images/103335.jpg,0.3967249989509582
data/raw/ava/images/277136.jpg,0.1521271020174026
data/raw/ava/images/802533.jpg,0.3789883852005005
data/raw/ava/images/778712.jpg,0.4288778007030487
data/raw/ava/images/488821.jpg,0.0970968827605247
data/raw/ava/images/254410.jpg,0.4934379160404205
data/raw/ava/images/593633.jpg,0.6888676881790161
data/raw/ava/images/63376.jpg,0.6298273205757141
data/raw/ava/images/918059.jpg,0.9510415196418762
data/raw/ava/images/582149.jpg,0.6044052839279175
data/raw/ava/images/150865.jpg,0.1434363424777984
data/raw/ava/images/85200.jpg,0.2385396659374237
data/raw/ava/images/486438.jpg,0.8949241638183594
data/raw/ava/images/135588.jpg,0.4729736745357513
data/raw/ava/images/902889.jpg,0.4229839444160461
data/raw/ava/images/397342.jpg,0.6741905212402344
data/raw/ava/images/197967.jpg,0.9897701144218444
data/raw/ava/images/220985.jpg,0.3074347972869873
data/raw/ava/images/876814.jpg,0.8218491077423096
data/raw/ava/images/906201.jpg,0.648363471031189
data/raw/ava/images/309046.jpg,0.9053350687026978
data/raw/ava/images/151681.jpg,0.942050278186798
data/raw/ava/images/580788.jpg,0.476200670003891
data/raw/ava/images/292821.jpg,0.8197335004806519
data/raw/ava/images/778022.jpg,0.6958562135696411
data/raw/ava/images/373621.jpg,0.5003833770751953
data/raw/ava/images/191498.jpg,0.6773742437362671
data/raw/ava/images/880195.jpg,0.1364420652389526
data/raw/ava/images/437765.jpg,0.3114053606986999
data/raw/ava/images/856433.jpg,0.946311354637146
data/raw/ava/images/635998.jpg,0.8229146599769592
data/raw/ava/images/491605.jpg,0.7395421266555786
data/raw/ava/images/890381.jpg,0.8471245169639587
data/raw/ava/images/246215.jpg,0.4667550921440124
data/raw/ava/images/563315.jpg,0.8025155067443848
data/raw/ava/images/445768.jpg,0.6406161785125732
data/raw/ava/images/356306.jpg,0.1332924664020538
data/raw/ava/images/584606.jpg,0.0232387017458677
data/raw/ava/images/368641.jpg,0.5592382550239563
data/raw/ava/images/627766.jpg,0.614875853061676
data/raw/ava/images/30896.jpg,0.0994943007826805
data/raw/ava/images/593580.jpg,0.351014643907547
data/raw/ava/images/198113.jpg,0.1155127510428428
data/raw/ava/images/818705.jpg,0.2075512111186981
data/raw/ava/images/50656.jpg,0.4376677274703979
data/raw/ava/images/788521.jpg,0.3314460217952728
data/raw/ava/images/806613.jpg,0.948143720626831
data/raw/ava/images/288560.jpg,0.4861732721328735
data/raw/ava/images/857809.jpg,0.7841538190841675
data/raw/ava/images/490311.jpg,0.5364748239517212
data/raw/ava/images/708273.jpg,0.9035923480987548
data/raw/ava/images/743706.jpg,0.4766674339771271
data/raw/ava/images/504867.jpg,0.551580011844635
data/raw/ava/images/485230.jpg,0.9700249433517456
data/raw/ava/images/630277.jpg,0.458137035369873
data/raw/ava/images/534845.jpg,0.8417890071868896
data/raw/ava/images/38341.jpg,0.0831494480371475
data/raw/ava/images/191964.jpg,0.0185726061463356
data/raw/ava/images/308320.jpg,0.4156818091869354
data/raw/ava/images/50897.jpg,0.1910598278045654
data/raw/ava/images/60152.jpg,0.5914926528930664
data/raw/ava/images/228003.jpg,0.1975540667772293
data/raw/ava/images/395892.jpg,0.3481500446796417
data/raw/ava/images/707475.jpg,0.998723328113556
data/raw/ava/images/357973.jpg,0.576200008392334
data/raw/ava/images/830285.jpg,0.8532661199569702
data/raw/ava/images/58391.jpg,0.3478885293006897
data/raw/ava/images/840815.jpg,0.2565236091613769
data/raw/ava/images/356879.jpg,0.5368815064430237
data/raw/ava/images/541871.jpg,0.6523159742355347
data/raw/ava/images/778255.jpg,0.9369748830795288
data/raw/ava/images/317198.jpg,0.3775949776172638
data/raw/ava/images/836104.jpg,0.446799635887146
data/raw/ava/images/157631.jpg,0.5222394466400146
data/raw/ava/images/683103.jpg,0.6787142753601074
data/raw/ava/images/925895.jpg,0.9928897619247437
data/raw/ava/images/19680.jpg,0.574694812297821
data/raw/ava/images/20367.jpg,0.7133107781410217
data/raw/ava/images/57500.jpg,0.0154704079031944
data/raw/ava/images/919637.jpg,0.8843768835067749
data/raw/ava/images/2685.jpg,0.2062425166368484
data/raw/ava/images/725913.jpg,0.4324688613414764
data/raw/ava/images/39377.jpg,0.1424043178558349
data/raw/ava/images/946907.jpg,0.8138123750686646
data/raw/ava/images/661332.jpg,0.3878786861896515
data/raw/ava/images/831003.jpg,0.7585336565971375
data/raw/ava/images/651670.jpg,0.6824722290039062
data/raw/ava/images/543831.jpg,0.8543011546134949
data/raw/ava/images/163493.jpg,0.350321888923645
data/raw/ava/images/323546.jpg,0.2590328752994537
data/raw/ava/images/523002.jpg,0.2445274740457534
data/raw/ava/images/847231.jpg,0.2466203719377517
data/raw/ava/images/618856.jpg,0.8041129112243652
data/raw/ava/images/431625.jpg,0.6857700943946838
data/raw/ava/images/174605.jpg,0.4036804437637329
data/raw/ava/images/278457.jpg,0.8515276908874512
data/raw/ava/images/115610.jpg,0.2701309025287628
data/raw/ava/images/450642.jpg,0.3799271583557129
data/raw/ava/images/387669.jpg,0.7501230835914612
data/raw/ava/images/357313.jpg,0.4633477032184601
data/raw/ava/images/829909.jpg,0.8508164882659912
data/raw/ava/images/255265.jpg,0.1821707934141159
data/raw/ava/images/891472.jpg,0.958445966243744
data/raw/ava/images/489495.jpg,0.3242882490158081
data/raw/ava/images/556486.jpg,0.8161426186561584
data/raw/ava/images/446332.jpg,0.7113479375839233
data/raw/ava/images/251858.jpg,0.419783741235733
data/raw/ava/images/291246.jpg,0.8617244362831116
data/raw/ava/images/387712.jpg,0.788881242275238
data/raw/ava/images/324420.jpg,0.8435180187225342
data/raw/ava/images/688885.jpg,0.9117876291275024
data/raw/ava/images/7299.jpg,0.4419914484024048
data/raw/ava/images/956745.jpg,0.9427695274353028
data/raw/ava/images/871524.jpg,0.8467555046081543
data/raw/ava/images/355960.jpg,0.8170458078384399
data/raw/ava/images/484026.jpg,0.5692906379699707
data/raw/ava/images/179830.jpg,0.0441941916942596
data/raw/ava/images/464789.jpg,0.4945339560508728
data/raw/ava/images/126224.jpg,0.5173987150192261
data/raw/ava/images/822276.jpg,0.585204005241394
data/raw/ava/images/782340.jpg,0.2888523042201996
data/raw/ava/images/292030.jpg,0.0608622170984745
data/raw/ava/images/125587.jpg,0.6550759077072144
data/raw/ava/images/7499.jpg,0.0408133193850517
data/raw/ava/images/897115.jpg,0.7155165672302246
data/raw/ava/images/795200.jpg,0.3288920223712921
data/raw/ava/images/372166.jpg,0.1286426037549972
data/raw/ava/images/747751.jpg,0.3804595470428467
data/raw/ava/images/301733.jpg,0.3881466090679168
data/raw/ava/images/395379.jpg,0.5399136543273926
data/raw/ava/images/159790.jpg,0.1209802031517028
data/raw/ava/images/482387.jpg,0.0275809243321418
data/raw/ava/images/903203.jpg,0.7968410849571228
data/raw/ava/images/167269.jpg,0.5771536827087402
data/raw/ava/images/14298.jpg,0.0364962890744209
data/raw/ava/images/70896.jpg,0.4734678864479065
data/raw/ava/images/715535.jpg,0.4534145593643188
data/raw/ava/images/621009.jpg,0.2860797941684723
data/raw/ava/images/218838.jpg,0.1418969929218292
data/raw/ava/images/167708.jpg,0.2225594371557235
data/raw/ava/images/575259.jpg,0.3585036993026733
data/raw/ava/images/687841.jpg,0.3230136334896087
data/raw/ava/images/18969.jpg,0.4254087209701538
data/raw/ava/images/955597.jpg,0.5349814295768738
data/raw/ava/images/504647.jpg,0.8159843683242798
data/raw/ava/images/904967.jpg,0.4045819044113159
data/raw/ava/images/811393.jpg,0.9117684364318848
data/raw/ava/images/415048.jpg,0.5434024333953857
data/raw/ava/images/632717.jpg,0.2803255617618561
data/raw/ava/images/756464.jpg,0.9158147573471068
data/raw/ava/images/321716.jpg,0.4605821669101715
data/raw/ava/images/380632.jpg,0.9601126313209534
data/raw/ava/images/72366.jpg,0.1199320033192634
data/raw/ava/images/63019.jpg,0.3415978252887726
data/raw/ava/images/757128.jpg,0.8166553974151611
data/raw/ava/images/215864.jpg,0.5298264026641846
data/raw/ava/images/13668.jpg,0.7887952923774719
data/raw/ava/images/760034.jpg,0.1767294257879257
data/raw/ava/images/81679.jpg,0.1258062124252319
data/raw/ava/images/26936.jpg,0.0415607802569866
data/raw/ava/images/865148.jpg,0.8823282718658447
data/raw/ava/images/408271.jpg,0.4444039762020111
data/raw/ava/images/43081.jpg,0.7223784327507019
data/raw/ava/images/947953.jpg,0.8024709820747375
data/raw/ava/images/298548.jpg,0.9521942734718324
data/raw/ava/images/471442.jpg,0.5982753038406372
data/raw/ava/images/544656.jpg,0.5586822032928467
data/raw/ava/images/663872.jpg,0.6747366786003113
data/raw/ava/images/430380.jpg,0.6357600688934326
data/raw/ava/images/858058.jpg,0.2964048981666565
data/raw/ava/images/888179.jpg,0.9733150005340576
data/raw/ava/images/199991.jpg,0.7692811489105225
data/raw/ava/images/344353.jpg,0.3098779022693634
data/raw/ava/images/552644.jpg,0.4295348227024078
data/raw/ava/images/279286.jpg,0.6643688678741455
data/raw/ava/images/798799.jpg,0.5582884550094604
data/raw/ava/images/216714.jpg,0.3027639389038086
data/raw/ava/images/245662.jpg,0.5083321928977966
data/raw/ava/images/14773.jpg,0.4219150841236114
data/raw/ava/images/277270.jpg,0.1131475865840911
data/raw/ava/images/355918.jpg,0.1337686330080032
data/raw/ava/images/636004.jpg,0.6671868562698364
data/raw/ava/images/638544.jpg,0.8400845527648926
data/raw/ava/images/646470.jpg,0.3811588883399963
data/raw/ava/images/952460.jpg,0.2264041006565094
data/raw/ava/images/901446.jpg,0.7230373620986938
data/raw/ava/images/128484.jpg,0.2388263195753097
data/raw/ava/images/533830.jpg,0.5616328716278076
data/raw/ava/images/742581.jpg,0.9368081092834472
data/raw/ava/images/316737.jpg,0.4119672775268554
data/raw/ava/images/412615.jpg,0.8947397470474243
data/raw/ava/images/532518.jpg,0.5614098310470581
data/raw/ava/images/898836.jpg,0.7598426342010498
data/raw/ava/images/426524.jpg,0.7000057697296143
data/raw/ava/images/311789.jpg,0.0891130939126014
data/raw/ava/images/154980.jpg,0.6502646207809448
data/raw/ava/images/745482.jpg,0.495780348777771
data/raw/ava/images/858472.jpg,0.8343274593353271
data/raw/ava/images/678530.jpg,0.5226603150367737
data/raw/ava/images/914134.jpg,0.5668474435806274
data/raw/ava/images/29741.jpg,0.3140906989574432
data/raw/ava/images/836064.jpg,0.9929070472717284
data/raw/ava/images/663646.jpg,0.6731951832771301
data/raw/ava/images/286047.jpg,0.6371489763259888
data/raw/ava/images/855711.jpg,0.8246544599533081
data/raw/ava/images/702534.jpg,0.7740595936775208
data/raw/ava/images/138827.jpg,0.5825687646865845
data/raw/ava/images/388814.jpg,0.7163951396942139
data/raw/ava/images/617707.jpg,0.5946398973464966
data/raw/ava/images/59119.jpg,0.643994927406311
data/raw/ava/images/289424.jpg,0.8764829039573669
data/raw/ava/images/774212.jpg,0.0649662539362907
data/raw/ava/images/156130.jpg,0.1567980200052261
data/raw/ava/images/5169.jpg,0.1270042657852172
data/raw/ava/images/25590.jpg,0.6517099142074585
data/raw/ava/images/665090.jpg,0.6643956899642944
data/raw/ava/images/762598.jpg,0.1556571274995803
data/raw/ava/images/824968.jpg,0.1714542359113693
data/raw/ava/images/886446.jpg,0.851608395576477
data/raw/ava/images/65926.jpg,0.3495502471923828
data/raw/ava/images/455930.jpg,0.6336579322814941
data/raw/ava/images/942961.jpg,0.2963414192199707
data/raw/ava/images/799043.jpg,0.1582382172346115
data/raw/ava/images/61360.jpg,0.3170399367809295
data/raw/ava/images/181593.jpg,0.1024219244718551
data/raw/ava/images/676646.jpg,0.981253743171692
data/raw/ava/images/930480.jpg,0.7839961051940918
data/raw/ava/images/178588.jpg,0.8106072545051575
data/raw/ava/images/444248.jpg,0.2989028990268707
data/raw/ava/images/757455.jpg,0.9217835068702698
data/raw/ava/images/171300.jpg,0.7333788871765137
data/raw/ava/images/426454.jpg,0.3368194997310638
data/raw/ava/images/540072.jpg,0.2694048583507538
data/raw/ava/images/797714.jpg,0.6521809697151184
data/raw/ava/images/434952.jpg,0.5070123672485352
data/raw/ava/images/314415.jpg,0.9866120219230652
data/raw/ava/images/97447.jpg,0.6887024641036987
data/raw/ava/images/581928.jpg,0.8808357119560242
data/raw/ava/images/115274.jpg,0.5405279397964478
data/raw/ava/images/737867.jpg,0.941447138786316
data/raw/ava/images/461590.jpg,0.563691258430481
data/raw/ava/images/777693.jpg,0.7175034284591675
data/raw/ava/images/842247.jpg,0.7617930769920349
data/raw/ava/images/34973.jpg,0.4620110690593719
data/raw/ava/images/943717.jpg,0.8958871960639954
data/raw/ava/images/517017.jpg,0.7910252809524536
data/raw/ava/images/141404.jpg,0.8149943351745605
data/raw/ava/images/312444.jpg,0.4544239938259125
data/raw/ava/images/769730.jpg,0.7658425569534302
data/raw/ava/images/767821.jpg,0.4097376763820648
data/raw/ava/images/516387.jpg,0.8251429796218872
data/raw/ava/images/350136.jpg,0.8808227777481079
data/raw/ava/images/464072.jpg,0.4813160002231598
data/raw/ava/images/950610.jpg,0.8847564458847046
data/raw/ava/images/863965.jpg,0.9111766815185548
data/raw/ava/images/162065.jpg,0.3886859714984894
data/raw/ava/images/710015.jpg,0.7878543138504028
data/raw/ava/images/319692.jpg,0.0450348295271396
data/raw/ava/images/57047.jpg,0.2600373327732086
data/raw/ava/images/240225.jpg,0.6803191900253296
data/raw/ava/images/728570.jpg,0.1983556151390075
data/raw/ava/images/749281.jpg,0.2349283248186111
data/raw/ava/images/750799.jpg,0.5028051137924194
data/raw/ava/images/907596.jpg,0.7371518611907959
data/raw/ava/images/279215.jpg,0.8077376484870911
data/raw/ava/images/307506.jpg,0.9463990926742554
data/raw/ava/images/883346.jpg,0.629305899143219
data/raw/ava/images/209411.jpg,0.3280908465385437
data/raw/ava/images/909457.jpg,0.5448729395866394
data/raw/ava/images/340791.jpg,0.1947410404682159
data/raw/ava/images/531677.jpg,0.8709033727645874
data/raw/ava/images/579194.jpg,0.573615550994873
data/raw/ava/images/43282.jpg,0.6455665826797485
data/raw/ava/images/206906.jpg,0.4911645352840423
data/raw/ava/images/715548.jpg,0.5337445735931396
data/raw/ava/images/635430.jpg,0.0500073358416557
data/raw/ava/images/947508.jpg,0.9409757256507874
data/raw/ava/images/828425.jpg,0.8903684020042419
data/raw/ava/images/292045.jpg,0.7766270041465759
data/raw/ava/images/693251.jpg,0.6655664443969727
data/raw/ava/images/155389.jpg,0.2824146151542663
data/raw/ava/images/393432.jpg,0.7204186916351318
data/raw/ava/images/46832.jpg,0.1541444212198257
data/raw/ava/images/501326.jpg,0.526445746421814
data/raw/ava/images/109131.jpg,0.2329768538475036
data/raw/ava/images/30556.jpg,0.3946672081947326
data/raw/ava/images/650623.jpg,0.9797365069389344
data/raw/ava/images/151042.jpg,0.7644455432891846
data/raw/ava/images/29173.jpg,0.0931881964206695
data/raw/ava/images/173032.jpg,0.230410560965538
data/raw/ava/images/683406.jpg,0.9410257935523988
data/raw/ava/images/678035.jpg,0.9214199781417848
data/raw/ava/images/719224.jpg,0.1796842813491821
data/raw/ava/images/22046.jpg,0.0608249194920063
data/raw/ava/images/741937.jpg,0.1458483636379242
data/raw/ava/images/348324.jpg,0.4495732188224792
data/raw/ava/images/893803.jpg,0.8323159217834473
data/raw/ava/images/817635.jpg,0.7294591665267944
data/raw/ava/images/229770.jpg,0.1116278618574142
data/raw/ava/images/180498.jpg,0.84312903881073
data/raw/ava/images/110246.jpg,0.2082888633012771
data/raw/ava/images/659811.jpg,0.7800841331481934
data/raw/ava/images/671828.jpg,0.6504149436950684
data/raw/ava/images/179364.jpg,0.161854937672615
data/raw/ava/images/781734.jpg,0.6815976500511169
data/raw/ava/images/621736.jpg,0.4000309407711029
data/raw/ava/images/768771.jpg,0.45362189412117
data/raw/ava/images/19773.jpg,0.9307004809379578
data/raw/ava/images/912210.jpg,0.372219443321228
data/raw/ava/images/77949.jpg,0.4085546731948852
data/raw/ava/images/301146.jpg,0.4625636637210846
data/raw/ava/images/686812.jpg,0.895821750164032
data/raw/ava/images/151489.jpg,0.5439887046813965
data/raw/ava/images/897822.jpg,0.9269986748695374
data/raw/ava/images/10981.jpg,0.2915571928024292
data/raw/ava/images/121369.jpg,0.2049641758203506
data/raw/ava/images/757263.jpg,0.7474071979522705
data/raw/ava/images/901819.jpg,0.9158422946929932
data/raw/ava/images/412752.jpg,0.4885158836841583
data/raw/ava/images/21246.jpg,0.593572199344635
data/raw/ava/images/768919.jpg,0.7089446783065796
data/raw/ava/images/356981.jpg,0.4501864612102508
data/raw/ava/images/167751.jpg,0.7879387736320496
data/raw/ava/images/21136.jpg,0.51606285572052
data/raw/ava/images/424873.jpg,0.2618160247802734
data/raw/ava/images/707385.jpg,0.1618584990501403
data/raw/ava/images/403329.jpg,0.0336531698703765
data/raw/ava/images/559139.jpg,0.1772825121879577
data/raw/ava/images/422488.jpg,0.4673680663108825
data/raw/ava/images/75897.jpg,0.1428657621145248
data/raw/ava/images/765249.jpg,0.8181704878807068
data/raw/ava/images/890713.jpg,0.7729207277297974
data/raw/ava/images/819777.jpg,0.8390120267868042
data/raw/ava/images/816280.jpg,0.1817894876003265
data/raw/ava/images/808558.jpg,0.9355693459510804
data/raw/ava/images/766065.jpg,0.6595823168754578
data/raw/ava/images/276037.jpg,0.2539204359054565
data/raw/ava/images/8844.jpg,0.3406034708023071
data/raw/ava/images/693535.jpg,0.2932198345661163
data/raw/ava/images/28871.jpg,0.4260224401950836
data/raw/ava/images/449767.jpg,0.9410037994384766
data/raw/ava/images/16971.jpg,0.2861785590648651
data/raw/ava/images/850016.jpg,0.9100892543792723
data/raw/ava/images/166438.jpg,0.8815990686416626
data/raw/ava/images/382914.jpg,0.6634417772293091
data/raw/ava/images/343986.jpg,0.8778660297393799
data/raw/ava/images/381137.jpg,0.7166649103164673
data/raw/ava/images/1667.jpg,0.0615262612700462
data/raw/ava/images/30634.jpg,0.7451485395431519
data/raw/ava/images/805430.jpg,0.9577354192733764
data/raw/ava/images/523399.jpg,0.3656189143657684
data/raw/ava/images/313156.jpg,0.1246324628591537
data/raw/ava/images/234390.jpg,0.0380895473062992
data/raw/ava/images/38860.jpg,0.631311297416687
data/raw/ava/images/579320.jpg,0.8606055378913879
data/raw/ava/images/7759.jpg,0.0309800971299409
data/raw/ava/images/705421.jpg,0.3993712067604065
data/raw/ava/images/599947.jpg,0.2833750545978546
data/raw/ava/images/891109.jpg,0.6991521716117859
data/raw/ava/images/44003.jpg,0.2460373044013977
data/raw/ava/images/811767.jpg,0.1113980710506439
data/raw/ava/images/207341.jpg,0.445174902677536
data/raw/ava/images/105703.jpg,0.547206699848175
data/raw/ava/images/773962.jpg,0.6013586521148682
data/raw/ava/images/132794.jpg,0.1322326958179474
data/raw/ava/images/354085.jpg,0.6745981574058533
data/raw/ava/images/617343.jpg,0.3125048577785492
data/raw/ava/images/95448.jpg,0.1012707874178886
data/raw/ava/images/364118.jpg,0.1162716522812843
data/raw/ava/images/72104.jpg,0.2186292856931686
data/raw/ava/images/282984.jpg,0.2742960453033447
data/raw/ava/images/419800.jpg,0.4101166427135467
data/raw/ava/images/313793.jpg,0.6493432521820068
data/raw/ava/images/29291.jpg,0.5594655275344849
data/raw/ava/images/60204.jpg,0.4367965757846832
data/raw/ava/images/698654.jpg,0.47713702917099
data/raw/ava/images/525632.jpg,0.2480415999889373
data/raw/ava/images/49965.jpg,0.3032251298427582
data/raw/ava/images/664737.jpg,0.8516082167625427
data/raw/ava/images/946540.jpg,0.5867910385131836
data/raw/ava/images/730495.jpg,0.0826940163969993
data/raw/ava/images/889342.jpg,0.8327323198318481
data/raw/ava/images/783.jpg,0.2445166409015655
data/raw/ava/images/258154.jpg,0.7448209524154663
data/raw/ava/images/789064.jpg,0.9343961477279664
data/raw/ava/images/611389.jpg,0.6291698813438416
data/raw/ava/images/785311.jpg,0.3211458623409271
data/raw/ava/images/460517.jpg,0.4971566498279571
data/raw/ava/images/785499.jpg,0.0803249254822731
data/raw/ava/images/696693.jpg,0.8845102787017822
data/raw/ava/images/398452.jpg,0.2145260870456695
data/raw/ava/images/482.jpg,0.193898007273674
data/raw/ava/images/288556.jpg,0.6694990992546082
data/raw/ava/images/861949.jpg,0.572524905204773
data/raw/ava/images/200664.jpg,0.4056795537471771
data/raw/ava/images/84770.jpg,0.4092828631401062
data/raw/ava/images/161750.jpg,0.8987412452697754
data/raw/ava/images/336398.jpg,0.6373589038848877
data/raw/ava/images/648351.jpg,0.6545251607894897
data/raw/ava/images/30912.jpg,0.8870903849601746
data/raw/ava/images/924888.jpg,0.7210955619812012
data/raw/ava/images/871557.jpg,0.7175147533416748
data/raw/ava/images/513634.jpg,0.6697559356689453
data/raw/ava/images/348876.jpg,0.923585057258606
data/raw/ava/images/673979.jpg,0.8607096076011658
data/raw/ava/images/381202.jpg,0.1013071909546852
data/raw/ava/images/722050.jpg,0.6287095546722412
data/raw/ava/images/538566.jpg,0.816561758518219
data/raw/ava/images/924889.jpg,0.2952686548233032
data/raw/ava/images/755482.jpg,0.8774706125259399
data/raw/ava/images/155934.jpg,0.0127578368410468
data/raw/ava/images/604801.jpg,0.6066051721572876
data/raw/ava/images/853227.jpg,0.9480032324790956
data/raw/ava/images/94592.jpg,0.397196501493454
data/raw/ava/images/473638.jpg,0.8764904737472534
data/raw/ava/images/944553.jpg,0.137937918305397
data/raw/ava/images/253965.jpg,0.7410506010055542
data/raw/ava/images/430689.jpg,0.2325527071952819
data/raw/ava/images/55229.jpg,0.4296486675739288
data/raw/ava/images/343910.jpg,0.9022074341773988
data/raw/ava/images/639596.jpg,0.6477243304252625
data/raw/ava/images/136970.jpg,0.7589398622512817
data/raw/ava/images/85752.jpg,0.6304984092712402
data/raw/ava/images/930962.jpg,0.9198294281959534
data/raw/ava/images/204022.jpg,0.661532998085022
data/raw/ava/images/450594.jpg,0.8087674975395203
data/raw/ava/images/487542.jpg,0.7814873456954956
data/raw/ava/images/143762.jpg,0.6631265878677368
data/raw/ava/images/101928.jpg,0.0769996419548988
data/raw/ava/images/72125.jpg,0.6644383668899536
data/raw/ava/images/351603.jpg,0.2850368022918701
data/raw/ava/images/580845.jpg,0.980404794216156
data/raw/ava/images/845804.jpg,0.6798957586288452
data/raw/ava/images/232759.jpg,0.2737310230731964
data/raw/ava/images/341683.jpg,0.7713183164596558
data/raw/ava/images/11893.jpg,0.5154058933258057
data/raw/ava/images/620683.jpg,0.6558890342712402
data/raw/ava/images/825384.jpg,0.6260020732879639
data/raw/ava/images/456552.jpg,0.3614139854907989
data/raw/ava/images/933430.jpg,0.6906955242156982
data/raw/ava/images/900111.jpg,0.5815316438674927
data/raw/ava/images/934198.jpg,0.5229281187057495
data/raw/ava/images/82346.jpg,0.7740476131439209
data/raw/ava/images/39962.jpg,0.2997461855411529
data/raw/ava/images/161866.jpg,0.5642011165618896
data/raw/ava/images/35917.jpg,0.7381253838539124
data/raw/ava/images/273674.jpg,0.740726113319397
data/raw/ava/images/585011.jpg,0.6510705947875977
data/raw/ava/images/286131.jpg,0.0019497666507959
data/raw/ava/images/95489.jpg,0.7444082498550415
data/raw/ava/images/24176.jpg,0.9647660851478576
data/raw/ava/images/95111.jpg,0.2489623874425888
data/raw/ava/images/648361.jpg,0.3164872825145721
data/raw/ava/images/391410.jpg,0.8526197671890259
data/raw/ava/images/922255.jpg,0.9032421112060548
data/raw/ava/images/741119.jpg,0.8162290453910828
data/raw/ava/images/65359.jpg,0.7859088778495789
data/raw/ava/images/830462.jpg,0.1290266364812851
data/raw/ava/images/341766.jpg,0.0372987873852252
data/raw/ava/images/137148.jpg,0.98222154378891
data/raw/ava/images/60905.jpg,0.7310385704040527
data/raw/ava/images/334560.jpg,0.6392863988876343
data/raw/ava/images/906097.jpg,0.7300370931625366
data/raw/ava/images/10655.jpg,0.6298694610595703
data/raw/ava/images/555925.jpg,0.3978074491024017
data/raw/ava/images/911771.jpg,0.4717812240123749
data/raw/ava/images/415430.jpg,0.7245738506317139
data/raw/ava/images/682351.jpg,0.77116459608078
data/raw/ava/images/353146.jpg,0.2333268970251083
data/raw/ava/images/447616.jpg,0.991685152053833
data/raw/ava/images/920959.jpg,0.6987888216972351
data/raw/ava/images/66966.jpg,0.0398980639874935
data/raw/ava/images/630625.jpg,0.5502907037734985
data/raw/ava/images/174717.jpg,0.6158452033996582
data/raw/ava/images/13076.jpg,0.4600209891796112
data/raw/ava/images/34688.jpg,0.1728712767362594
data/raw/ava/images/668954.jpg,0.8318265676498413
data/raw/ava/images/145672.jpg,0.6519733667373657
data/raw/ava/images/55535.jpg,0.5357764363288879
data/raw/ava/images/8191.jpg,0.7758891582489014
data/raw/ava/images/369261.jpg,0.565710186958313
data/raw/ava/images/14942.jpg,0.4096984565258026
data/raw/ava/images/31011.jpg,0.7604094743728638
data/raw/ava/images/161061.jpg,0.8035246133804321
data/raw/ava/images/867498.jpg,0.2956927716732025
data/raw/ava/images/594048.jpg,0.5037789344787598
data/raw/ava/images/352486.jpg,0.7301028966903687
data/raw/ava/images/11467.jpg,0.4355853199958801
data/raw/ava/images/601116.jpg,0.1202066540718078
data/raw/ava/images/1946.jpg,0.8096722960472107
data/raw/ava/images/693720.jpg,0.4942654073238373
data/raw/ava/images/393912.jpg,0.7624367475509644
data/raw/ava/images/44326.jpg,0.3389439284801483
data/raw/ava/images/372817.jpg,0.9188863039016724
data/raw/ava/images/209240.jpg,0.4628461897373199
data/raw/ava/images/652552.jpg,0.7995036244392395
data/raw/ava/images/783522.jpg,0.5718041062355042
data/raw/ava/images/633733.jpg,0.8329241871833801
data/raw/ava/images/455568.jpg,0.6232037544250488
data/raw/ava/images/289904.jpg,0.4486761391162872
data/raw/ava/images/836994.jpg,0.832374632358551
data/raw/ava/images/865175.jpg,0.8711389303207397
data/raw/ava/images/259342.jpg,0.8958669304847717
data/raw/ava/images/103719.jpg,0.3135737776756286
data/raw/ava/images/499331.jpg,0.5308965444564819
data/raw/ava/images/73396.jpg,0.2810468375682831
data/raw/ava/images/743749.jpg,0.9219628572463988
data/raw/ava/images/736596.jpg,0.4860644340515136
data/raw/ava/images/357142.jpg,0.1303084939718246
data/raw/ava/images/84698.jpg,0.4835725724697113
data/raw/ava/images/292186.jpg,0.5257786512374878
data/raw/ava/images/838230.jpg,0.961896538734436
data/raw/ava/images/253365.jpg,0.3407957553863525
data/raw/ava/images/300235.jpg,0.5564685463905334
data/raw/ava/images/62240.jpg,0.2388369888067245
data/raw/ava/images/362080.jpg,0.2298205494880676
data/raw/ava/images/52327.jpg,0.6994658708572388
data/raw/ava/images/395289.jpg,0.368184894323349
data/raw/ava/images/409757.jpg,0.4602255821228027
data/raw/ava/images/941914.jpg,0.6115810871124268
data/raw/ava/images/197003.jpg,0.3030404150485992
data/raw/ava/images/485488.jpg,0.2817447781562805
data/raw/ava/images/772024.jpg,0.9332764148712158
data/raw/ava/images/780491.jpg,0.6822625994682312
data/raw/ava/images/776490.jpg,0.8819512724876404
data/raw/ava/images/261015.jpg,0.0354231894016265
data/raw/ava/images/21708.jpg,0.129399299621582
data/raw/ava/images/13272.jpg,0.4370208084583282
data/raw/ava/images/747805.jpg,0.0535694099962711
data/raw/ava/images/484488.jpg,0.3516844809055328
data/raw/ava/images/338535.jpg,0.272487074136734
data/raw/ava/images/234367.jpg,0.5679969787597656
data/raw/ava/images/230363.jpg,0.5715370178222656
data/raw/ava/images/17403.jpg,0.294378399848938
data/raw/ava/images/692795.jpg,0.7429581880569458
data/raw/ava/images/739614.jpg,0.5181728601455688
data/raw/ava/images/112190.jpg,0.5758782029151917
data/raw/ava/images/764406.jpg,0.5723565220832825
data/raw/ava/images/569944.jpg,0.6530408263206482
data/raw/ava/images/739833.jpg,0.1030348688364029
data/raw/ava/images/101845.jpg,0.7649689316749573
data/raw/ava/images/638705.jpg,0.2256887853145599
data/raw/ava/images/141173.jpg,0.3713235259056091
data/raw/ava/images/782224.jpg,0.4584698379039764
data/raw/ava/images/817181.jpg,0.5407993197441101
data/raw/ava/images/779197.jpg,0.9401630163192748
data/raw/ava/images/28797.jpg,0.4245397448539734
data/raw/ava/images/160335.jpg,0.306705117225647
data/raw/ava/images/937922.jpg,0.4718521237373352
data/raw/ava/images/828067.jpg,0.755413293838501
data/raw/ava/images/227092.jpg,0.697759211063385
data/raw/ava/images/349598.jpg,0.3293236494064331
data/raw/ava/images/60045.jpg,0.4950014650821686
data/raw/ava/images/913764.jpg,0.8532220125198364
data/raw/ava/images/316692.jpg,0.3208871483802795
data/raw/ava/images/429396.jpg,0.7881448268890381
data/raw/ava/images/542813.jpg,0.2431510239839553
data/raw/ava/images/936807.jpg,0.7886097431182861
data/raw/ava/images/28589.jpg,0.2835726141929626
data/raw/ava/images/710035.jpg,0.4756917357444763
data/raw/ava/images/645548.jpg,0.2336524426937103
data/raw/ava/images/909252.jpg,0.9584179520606996
data/raw/ava/images/532802.jpg,0.9226580262184144
data/raw/ava/images/773452.jpg,0.5688645839691162
data/raw/ava/images/221083.jpg,0.5126802921295166
data/raw/ava/images/306664.jpg,0.6708984375
data/raw/ava/images/705357.jpg,0.6903070211410522
data/raw/ava/images/341261.jpg,0.3279741406440735
data/raw/ava/images/84051.jpg,0.3785391747951507
data/raw/ava/images/190681.jpg,0.1651635020971298
data/raw/ava/images/112992.jpg,0.2363483309745788
data/raw/ava/images/173911.jpg,0.3127353191375732
data/raw/ava/images/357042.jpg,0.1812631040811538
data/raw/ava/images/873590.jpg,0.1833902448415756
data/raw/ava/images/291708.jpg,0.0806770622730255
data/raw/ava/images/791667.jpg,0.7915268540382385
data/raw/ava/images/419702.jpg,0.8362317085266113
data/raw/ava/images/952413.jpg,0.8733077645301819
data/raw/ava/images/353249.jpg,0.7824760675430298
data/raw/ava/images/602937.jpg,0.8552248477935791
data/raw/ava/images/325082.jpg,0.8622588515281677
data/raw/ava/images/922816.jpg,0.7311312556266785
data/raw/ava/images/851202.jpg,0.9330952167510986
data/raw/ava/images/473600.jpg,0.5419061183929443
data/raw/ava/images/107631.jpg,0.1519644260406494
data/raw/ava/images/320901.jpg,0.895248532295227
data/raw/ava/images/766307.jpg,0.45213383436203
data/raw/ava/images/12673.jpg,0.1299019157886505
data/raw/ava/images/123078.jpg,0.2333277314901352
data/raw/ava/images/402269.jpg,0.3404982686042785
data/raw/ava/images/802357.jpg,0.817824125289917
data/raw/ava/images/810179.jpg,0.7657502889633179
data/raw/ava/images/51512.jpg,0.2277243137359619
data/raw/ava/images/397585.jpg,0.7967488765716553
data/raw/ava/images/734433.jpg,0.4572629034519195
data/raw/ava/images/742060.jpg,0.7324528694152832
data/raw/ava/images/93165.jpg,0.4659073650836944
data/raw/ava/images/591886.jpg,0.8874091506004333
data/raw/ava/images/240197.jpg,0.299823135137558
data/raw/ava/images/65468.jpg,0.7882559895515442
data/raw/ava/images/956940.jpg,0.53141188621521
data/raw/ava/images/387994.jpg,0.7314810752868652
data/raw/ava/images/390448.jpg,0.5500739812850952
data/raw/ava/images/324273.jpg,0.1742804497480392
data/raw/ava/images/316401.jpg,0.0035678700078278
data/raw/ava/images/607147.jpg,0.6447786092758179
data/raw/ava/images/620707.jpg,0.6303162574768066
data/raw/ava/images/803375.jpg,0.3241241872310638
data/raw/ava/images/838.jpg,0.207663208246231
data/raw/ava/images/379696.jpg,0.4941860735416412
data/raw/ava/images/25974.jpg,0.3348012268543243
data/raw/ava/images/823836.jpg,0.3687475323677063
data/raw/ava/images/10874.jpg,0.4345972239971161
data/raw/ava/images/899383.jpg,0.3374604880809784
data/raw/ava/images/922991.jpg,0.2185053378343582
data/raw/ava/images/774265.jpg,0.5026403069496155
data/raw/ava/images/106055.jpg,0.6642186641693115
data/raw/ava/images/498938.jpg,0.7301913499832153
data/raw/ava/images/783581.jpg,0.5599657297134399
data/raw/ava/images/627272.jpg,0.3841227889060974
data/raw/ava/images/154443.jpg,0.6961874961853027
data/raw/ava/images/532269.jpg,0.9124677181243896
data/raw/ava/images/579651.jpg,0.1711761504411697
data/raw/ava/images/633750.jpg,0.894184410572052
data/raw/ava/images/285644.jpg,0.1730965673923492
data/raw/ava/images/402345.jpg,0.5856276154518127
data/raw/ava/images/517856.jpg,0.8966537714004517
data/raw/ava/images/327847.jpg,0.7292488813400269
data/raw/ava/images/773491.jpg,0.967008888721466
data/raw/ava/images/516569.jpg,0.69505774974823
data/raw/ava/images/86431.jpg,0.5175053477287292
data/raw/ava/images/342697.jpg,0.6797324419021606
data/raw/ava/images/7539.jpg,0.1128355413675308
data/raw/ava/images/436367.jpg,0.8343580961227417
data/raw/ava/images/215613.jpg,0.1774473935365677
data/raw/ava/images/197495.jpg,0.1817396730184555
data/raw/ava/images/942775.jpg,0.8633637428283691
data/raw/ava/images/794132.jpg,0.7182817459106445
data/raw/ava/images/453865.jpg,0.5585570335388184
data/raw/ava/images/160842.jpg,0.4475253224372864
data/raw/ava/images/253190.jpg,0.8267537355422974
data/raw/ava/images/339851.jpg,0.2512612044811249
data/raw/ava/images/2739.jpg,0.0308124683797359
data/raw/ava/images/160671.jpg,0.736375093460083
data/raw/ava/images/439704.jpg,0.0821153298020362
data/raw/ava/images/805326.jpg,0.4131041467189789
data/raw/ava/images/501777.jpg,0.2748793959617615
data/raw/ava/images/702380.jpg,0.787779688835144
data/raw/ava/images/145171.jpg,0.5962464809417725
data/raw/ava/images/839427.jpg,0.8984761238098145
data/raw/ava/images/1625.jpg,0.2220145463943481
data/raw/ava/images/432327.jpg,0.950425148010254
data/raw/ava/images/558201.jpg,0.5621024370193481
data/raw/ava/images/566879.jpg,0.1716333329677581
data/raw/ava/images/93308.jpg,0.07730483263731
data/raw/ava/images/40956.jpg,0.1841510385274887
data/raw/ava/images/570919.jpg,0.6269747018814087
data/raw/ava/images/893520.jpg,0.9069725275039672
data/raw/ava/images/805907.jpg,0.1925891190767288
data/raw/ava/images/759033.jpg,0.820419192314148
data/raw/ava/images/875563.jpg,0.4602678120136261
data/raw/ava/images/281483.jpg,0.6153354644775391
data/raw/ava/images/602773.jpg,0.8965973258018494
data/raw/ava/images/178699.jpg,0.555240273475647
data/raw/ava/images/650423.jpg,0.6536611318588257
data/raw/ava/images/782105.jpg,0.6814557313919067
data/raw/ava/images/693916.jpg,0.9860612154006958
data/raw/ava/images/544128.jpg,0.3913847506046295
data/raw/ava/images/273256.jpg,0.8127961754798889
data/raw/ava/images/373529.jpg,0.4705069959163666
data/raw/ava/images/10902.jpg,0.2364286631345749
data/raw/ava/images/52226.jpg,0.6946842670440674
data/raw/ava/images/757096.jpg,0.6416219472885132
data/raw/ava/images/758949.jpg,0.9322922229766846
data/raw/ava/images/671153.jpg,0.2937037050724029
data/raw/ava/images/286562.jpg,0.1570397466421127
data/raw/ava/images/5209.jpg,0.5646087527275085
data/raw/ava/images/86502.jpg,0.0535407587885856
data/raw/ava/images/295784.jpg,0.453872799873352
data/raw/ava/images/44359.jpg,0.6982439756393433
data/raw/ava/images/484487.jpg,0.5182524919509888
data/raw/ava/images/805734.jpg,0.5458636283874512
data/raw/ava/images/776147.jpg,0.7428827285766602
data/raw/ava/images/647329.jpg,0.7008669972419739
data/raw/ava/images/456353.jpg,0.3673956394195556
data/raw/ava/images/240438.jpg,0.1003663763403892
data/raw/ava/images/224650.jpg,0.7416632175445557
data/raw/ava/images/218599.jpg,0.3934668898582458
data/raw/ava/images/786652.jpg,0.2200344949960708
data/raw/ava/images/813047.jpg,0.8559787273406982
data/raw/ava/images/103253.jpg,0.481613278388977
data/raw/ava/images/72339.jpg,0.4916027188301086
data/raw/ava/images/835952.jpg,0.8841710090637207
data/raw/ava/images/733244.jpg,0.8886903524398804
data/raw/ava/images/389639.jpg,0.4379594326019287
data/raw/ava/images/495050.jpg,0.2273754775524139
data/raw/ava/images/340610.jpg,0.7484768629074097
data/raw/ava/images/443012.jpg,0.6842457056045532
data/raw/ava/images/121663.jpg,0.7586587071418762
data/raw/ava/images/692994.jpg,0.8867036700248718
data/raw/ava/images/403886.jpg,0.2421452552080154
data/raw/ava/images/772771.jpg,0.3957206308841705
data/raw/ava/images/577212.jpg,0.1924487352371215
data/raw/ava/images/566572.jpg,0.4599967300891876
data/raw/ava/images/80188.jpg,0.6751071214675903
data/raw/ava/images/768964.jpg,0.7494975924491882
data/raw/ava/images/367122.jpg,0.7966679930686951
data/raw/ava/images/59015.jpg,0.097845621407032
data/raw/ava/images/451723.jpg,0.545628547668457
data/raw/ava/images/293895.jpg,0.2448235303163528
data/raw/ava/images/894806.jpg,0.5063668489456177
data/raw/ava/images/451280.jpg,0.7741122841835022
data/raw/ava/images/352883.jpg,0.3277135491371155
data/raw/ava/images/132804.jpg,0.6325840950012207
data/raw/ava/images/471547.jpg,0.6823868751525879
data/raw/ava/images/111656.jpg,0.5156592726707458
data/raw/ava/images/784312.jpg,0.9047417044639589
data/raw/ava/images/815865.jpg,0.5002734065055847
data/raw/ava/images/118531.jpg,0.4768657386302948
data/raw/ava/images/146858.jpg,0.8893426656723022
data/raw/ava/images/255309.jpg,0.8584626317024231
data/raw/ava/images/235306.jpg,0.2613865435123443
data/raw/ava/images/336080.jpg,0.7381889820098877
data/raw/ava/images/291643.jpg,0.5056195259094238
data/raw/ava/images/255595.jpg,0.0175655968487262
data/raw/ava/images/941354.jpg,0.628076434135437
data/raw/ava/images/791699.jpg,0.5236272215843201
data/raw/ava/images/146563.jpg,0.9072095155715942
data/raw/ava/images/607425.jpg,0.2284772843122482
data/raw/ava/images/463883.jpg,0.740342378616333
data/raw/ava/images/756710.jpg,0.1645452231168747
data/raw/ava/images/75398.jpg,0.146654725074768
data/raw/ava/images/414814.jpg,0.6997619271278381
data/raw/ava/images/392785.jpg,0.0656360313296318
data/raw/ava/images/29769.jpg,0.0699645951390266
data/raw/ava/images/209023.jpg,0.3972563445568084
data/raw/ava/images/841853.jpg,0.3276238739490509
data/raw/ava/images/11512.jpg,0.2336345911026001
data/raw/ava/images/525301.jpg,0.6013416051864624
data/raw/ava/images/742694.jpg,0.8244603276252747
data/raw/ava/images/32498.jpg,0.0480082742869854
data/raw/ava/images/922206.jpg,0.117435835301876
data/raw/ava/images/536778.jpg,0.6974931955337524
data/raw/ava/images/942150.jpg,0.8759753704071045
data/raw/ava/images/308324.jpg,0.8632502555847168
data/raw/ava/images/870853.jpg,0.6032671928405762
data/raw/ava/images/642183.jpg,0.8395044207572937
data/raw/ava/images/645568.jpg,0.6181375980377197
data/raw/ava/images/67572.jpg,0.0062815328128635
data/raw/ava/images/78466.jpg,0.1546115428209304
data/raw/ava/images/186718.jpg,0.4422299265861511
data/raw/ava/images/801707.jpg,0.9269610047340392
data/raw/ava/images/516672.jpg,0.7364521026611328
data/raw/ava/images/50697.jpg,0.4262687265872955
data/raw/ava/images/163470.jpg,0.2808300256729126
data/raw/ava/images/906674.jpg,0.5673750638961792
data/raw/ava/images/864723.jpg,0.5040097236633301
data/raw/ava/images/923745.jpg,0.6947100162506104
data/raw/ava/images/613093.jpg,0.530474066734314
data/raw/ava/images/787796.jpg,0.8664172291755676
data/raw/ava/images/40637.jpg,0.1483242064714431
data/raw/ava/images/20632.jpg,0.0646681785583496
data/raw/ava/images/414439.jpg,0.2999693751335144
data/raw/ava/images/155421.jpg,0.6577075719833374
data/raw/ava/images/2983.jpg,0.2550083994865417
data/raw/ava/images/200717.jpg,0.621118426322937
data/raw/ava/images/530953.jpg,0.4798564612865448
data/raw/ava/images/804207.jpg,0.1016671806573867
data/raw/ava/images/835474.jpg,0.9166922569274902
data/raw/ava/images/172792.jpg,0.6603454947471619
data/raw/ava/images/226898.jpg,0.9256997108459472
data/raw/ava/images/456323.jpg,0.7339726686477661
data/raw/ava/images/872836.jpg,0.8983575701713562
data/raw/ava/images/795103.jpg,0.8587837815284729
data/raw/ava/images/952312.jpg,0.9715786576271056
data/raw/ava/images/308211.jpg,0.4990909099578857
data/raw/ava/images/48626.jpg,0.5572024583816528
data/raw/ava/images/640773.jpg,0.9686833024024964
data/raw/ava/images/151312.jpg,0.2942199110984802
data/raw/ava/images/725129.jpg,0.1065978482365608
data/raw/ava/images/136710.jpg,0.4995284676551819
data/raw/ava/images/937999.jpg,0.4849046170711517
data/raw/ava/images/295038.jpg,0.4870808124542236
data/raw/ava/images/21995.jpg,0.1360260844230651
data/raw/ava/images/102450.jpg,0.429571658372879
data/raw/ava/images/1953.jpg,0.4354687929153442
data/raw/ava/images/7019.jpg,0.2412902563810348
data/raw/ava/images/132869.jpg,0.1278958618640899
data/raw/ava/images/909598.jpg,0.5082775354385376
data/raw/ava/images/486948.jpg,0.7816605567932129
data/raw/ava/images/244236.jpg,0.5613595247268677
data/raw/ava/images/656062.jpg,0.078835554420948
data/raw/ava/images/881414.jpg,0.5695551633834839
data/raw/ava/images/118958.jpg,0.936374008655548
data/raw/ava/images/253788.jpg,0.4862618744373321
data/raw/ava/images/407711.jpg,0.4669175744056701
data/raw/ava/images/501434.jpg,0.8061827421188354
data/raw/ava/images/909828.jpg,0.6867813467979431
data/raw/ava/images/687277.jpg,0.8102747201919556
data/raw/ava/images/561921.jpg,0.7473776340484619
data/raw/ava/images/457509.jpg,0.8668782711029053
data/raw/ava/images/8131.jpg,0.0513255782425403
data/raw/ava/images/578067.jpg,0.3237881064414978
data/raw/ava/images/284588.jpg,0.1770638525485992
data/raw/ava/images/768751.jpg,0.7946198582649231
data/raw/ava/images/165899.jpg,0.2864894568920135
data/raw/ava/images/244497.jpg,0.2066833674907684
data/raw/ava/images/906879.jpg,0.913318693637848
data/raw/ava/images/159619.jpg,0.2717328369617462
data/raw/ava/images/444963.jpg,0.7595770359039307
data/raw/ava/images/183324.jpg,0.918318808078766
data/raw/ava/images/447311.jpg,0.4495371878147125
data/raw/ava/images/361524.jpg,0.4827222228050232
data/raw/ava/images/169971.jpg,0.2266250103712082
data/raw/ava/images/829342.jpg,0.4524780809879303
data/raw/ava/images/77526.jpg,0.8632935285568237
data/raw/ava/images/420745.jpg,0.822892963886261
data/raw/ava/images/545823.jpg,0.3607705533504486
data/raw/ava/images/306806.jpg,0.3441817462444305
data/raw/ava/images/807477.jpg,0.7843309640884399
data/raw/ava/images/923062.jpg,0.7521580457687378
data/raw/ava/images/19713.jpg,0.435487300157547
data/raw/ava/images/672721.jpg,0.8994511961936951
data/raw/ava/images/133969.jpg,0.0968270078301429
data/raw/ava/images/939912.jpg,0.5126504302024841
data/raw/ava/images/696121.jpg,0.5007855892181396
data/raw/ava/images/663178.jpg,0.7568045258522034
data/raw/ava/images/615186.jpg,0.6092340350151062
data/raw/ava/images/623871.jpg,0.7884889245033264
data/raw/ava/images/103941.jpg,0.2515571117401123
data/raw/ava/images/500828.jpg,0.1922969073057174
data/raw/ava/images/275100.jpg,0.5788154602050781
data/raw/ava/images/601095.jpg,0.1566137224435806
data/raw/ava/images/140520.jpg,0.2111202776432037
data/raw/ava/images/586199.jpg,0.583073616027832
data/raw/ava/images/749620.jpg,0.8750036358833313
data/raw/ava/images/199668.jpg,0.5567992925643921
data/raw/ava/images/404404.jpg,0.1327123045921325
data/raw/ava/images/362140.jpg,0.3943992555141449
data/raw/ava/images/432579.jpg,0.1867745369672775
data/raw/ava/images/686201.jpg,0.4807384312152862
data/raw/ava/images/118444.jpg,0.611375093460083
data/raw/ava/images/679264.jpg,0.4500955045223236
data/raw/ava/images/693926.jpg,0.4524272382259369
data/raw/ava/images/801449.jpg,0.6362066268920898
data/raw/ava/images/246759.jpg,0.4722152054309845
data/raw/ava/images/117965.jpg,0.6899508237838745
data/raw/ava/images/246050.jpg,0.6920657157897949
data/raw/ava/images/618570.jpg,0.5034035444259644
data/raw/ava/images/113763.jpg,0.0385365188121795
data/raw/ava/images/4905.jpg,0.4489665329456329
data/raw/ava/images/745878.jpg,0.5440629720687866
data/raw/ava/images/70667.jpg,0.693085253238678
data/raw/ava/images/486622.jpg,0.737378716468811
data/raw/ava/images/616795.jpg,0.4873202443122864
data/raw/ava/images/200252.jpg,0.6377220749855042
data/raw/ava/images/943429.jpg,0.843348503112793
data/raw/ava/images/413247.jpg,0.5628767609596252
data/raw/ava/images/926268.jpg,0.962489664554596
data/raw/ava/images/873820.jpg,0.7190451622009277
data/raw/ava/images/483836.jpg,0.496780663728714
data/raw/ava/images/609865.jpg,0.1934195160865783
data/raw/ava/images/758363.jpg,0.5192679166793823
data/raw/ava/images/174440.jpg,0.130619466304779
data/raw/ava/images/5480.jpg,0.082701176404953
data/raw/ava/images/515851.jpg,0.3476392030715942
data/raw/ava/images/84297.jpg,0.6439039707183838
data/raw/ava/images/264149.jpg,0.1054730787873268
data/raw/ava/images/638166.jpg,0.8567044734954834
data/raw/ava/images/774371.jpg,0.7899133563041687
data/raw/ava/images/801653.jpg,0.7343848943710327
data/raw/ava/images/357194.jpg,0.4706985652446747
data/raw/ava/images/634978.jpg,0.7111530303955078
data/raw/ava/images/121362.jpg,0.3449216485023498
data/raw/ava/images/37383.jpg,0.2438075393438339
data/raw/ava/images/521627.jpg,0.2866203784942627
data/raw/ava/images/196616.jpg,0.0066685425117611
data/raw/ava/images/748730.jpg,0.7523484230041504
data/raw/ava/images/126334.jpg,0.6057724952697754
data/raw/ava/images/791991.jpg,0.9907625317573548
data/raw/ava/images/551137.jpg,0.8280551433563232
data/raw/ava/images/53033.jpg,0.0877491310238838
data/raw/ava/images/74247.jpg,0.3560779690742492
data/raw/ava/images/274784.jpg,0.9521488547325134
data/raw/ava/images/120919.jpg,0.2766068875789642
data/raw/ava/images/112010.jpg,0.2377872616052627
data/raw/ava/images/90353.jpg,0.8057073354721069
data/raw/ava/images/570046.jpg,0.1708395183086395
data/raw/ava/images/137049.jpg,0.3406434059143066
data/raw/ava/images/914873.jpg,0.6494707465171814
data/raw/ava/images/178243.jpg,0.971278190612793
data/raw/ava/images/224255.jpg,0.6425783038139343
data/raw/ava/images/438198.jpg,0.2884859144687652
data/raw/ava/images/197407.jpg,0.7433308959007263
data/raw/ava/images/788642.jpg,0.8509166240692139
data/raw/ava/images/463317.jpg,0.6977493762969971
data/raw/ava/images/199430.jpg,0.1915198415517807
data/raw/ava/images/82330.jpg,0.5305575132369995
data/raw/ava/images/466358.jpg,0.616420567035675
data/raw/ava/images/35810.jpg,0.2633888125419616
data/raw/ava/images/807750.jpg,0.7863188982009888
data/raw/ava/images/18857.jpg,0.037752941250801
data/raw/ava/images/856795.jpg,0.7084478139877319
data/raw/ava/images/674652.jpg,0.5985255241394043
data/raw/ava/images/130503.jpg,0.3759347200393677
data/raw/ava/images/623869.jpg,0.513853907585144
data/raw/ava/images/197337.jpg,0.0920017063617706
data/raw/ava/images/627414.jpg,0.8900144100189209
data/raw/ava/images/357337.jpg,0.1031338721513748
data/raw/ava/images/758183.jpg,0.3652822375297546
data/raw/ava/images/303216.jpg,0.923628866672516
data/raw/ava/images/277700.jpg,0.1656551212072372
data/raw/ava/images/88420.jpg,0.7853662371635437
data/raw/ava/images/435803.jpg,0.5449324250221252
data/raw/ava/images/760448.jpg,0.4076054394245147
data/raw/ava/images/58512.jpg,0.1226913779973983
data/raw/ava/images/32070.jpg,0.7554688453674316
data/raw/ava/images/743680.jpg,0.8258494734764099
data/raw/ava/images/889274.jpg,0.9864984154701232
data/raw/ava/images/600809.jpg,0.3787896931171417
data/raw/ava/images/128964.jpg,0.2604186534881592
data/raw/ava/images/728615.jpg,0.939293086528778
data/raw/ava/images/201954.jpg,0.8768289089202881
data/raw/ava/images/505593.jpg,0.4065113365650177
data/raw/ava/images/381236.jpg,0.129420667886734
data/raw/ava/images/750083.jpg,0.9931915402412416
data/raw/ava/images/204146.jpg,0.2493265569210052
data/raw/ava/images/904512.jpg,0.9516090154647828
data/raw/ava/images/639890.jpg,0.8436902761459351
data/raw/ava/images/339789.jpg,0.6452308893203735
data/raw/ava/images/2784.jpg,0.2313632816076278
data/raw/ava/images/539829.jpg,0.4643332362174988
data/raw/ava/images/627889.jpg,0.5940666198730469
data/raw/ava/images/31238.jpg,0.3884001970291137
data/raw/ava/images/781786.jpg,0.5922847390174866
data/raw/ava/images/24319.jpg,0.6301094889640808
data/raw/ava/images/143995.jpg,0.7104640007019043
data/raw/ava/images/139475.jpg,0.5279487371444702
data/raw/ava/images/600340.jpg,0.5736219882965088
data/raw/ava/images/211828.jpg,0.2456471174955368
data/raw/ava/images/517961.jpg,0.1067489609122276
data/raw/ava/images/435582.jpg,0.6873860359191895
data/raw/ava/images/893480.jpg,0.899122953414917
data/raw/ava/images/583246.jpg,0.0514958351850509
data/raw/ava/images/771190.jpg,0.7097876667976379
data/raw/ava/images/117068.jpg,0.558398962020874
data/raw/ava/images/275194.jpg,0.3311452567577362
data/raw/ava/images/881896.jpg,0.6545518636703491
data/raw/ava/images/298990.jpg,0.6837552785873413
data/raw/ava/images/662274.jpg,0.1867755949497223
data/raw/ava/images/139814.jpg,0.2007500529289245
data/raw/ava/images/499160.jpg,0.7283638715744019
data/raw/ava/images/62850.jpg,0.3567643165588379
data/raw/ava/images/329407.jpg,0.2779638469219208
data/raw/ava/images/641817.jpg,0.5859701037406921
data/raw/ava/images/294436.jpg,0.3144327402114868
data/raw/ava/images/451867.jpg,0.9175606369972228
data/raw/ava/images/735031.jpg,0.5233698487281799
data/raw/ava/images/581730.jpg,0.4115021228790283
data/raw/ava/images/369593.jpg,0.9336413741111756
data/raw/ava/images/1763.jpg,0.2576622068881988
data/raw/ava/images/474415.jpg,0.6371760368347168
data/raw/ava/images/115674.jpg,0.0321044251322746
data/raw/ava/images/387898.jpg,0.909432888031006
data/raw/ava/images/714411.jpg,0.6823873519897461
data/raw/ava/images/468708.jpg,0.9138734936714172
data/raw/ava/images/596782.jpg,0.3375596106052398
data/raw/ava/images/562776.jpg,0.6595842838287354
data/raw/ava/images/377467.jpg,0.8352344036102295
data/raw/ava/images/309681.jpg,0.2302568256855011
data/raw/ava/images/188290.jpg,0.561633825302124
data/raw/ava/images/651731.jpg,0.8546589612960815
data/raw/ava/images/356669.jpg,0.7513062953948975
data/raw/ava/images/819735.jpg,0.1665694862604141
data/raw/ava/images/248051.jpg,0.319985955953598
data/raw/ava/images/712108.jpg,0.6990509033203125
data/raw/ava/images/199158.jpg,0.2639878690242767
data/raw/ava/images/205346.jpg,0.8928548097610474
data/raw/ava/images/864854.jpg,0.2625414431095123
data/raw/ava/images/255532.jpg,0.213026076555252
data/raw/ava/images/412894.jpg,0.1791130900382995
data/raw/ava/images/119994.jpg,0.2193977832794189
data/raw/ava/images/301729.jpg,0.8996496796607971
data/raw/ava/images/819537.jpg,0.6189705729484558
data/raw/ava/images/165640.jpg,0.6214731931686401
data/raw/ava/images/798829.jpg,0.6758606433868408
data/raw/ava/images/676691.jpg,0.7567667961120605
data/raw/ava/images/210754.jpg,0.8912095427513123
data/raw/ava/images/851094.jpg,0.9225140810012816
data/raw/ava/images/23165.jpg,0.5661661624908447
data/raw/ava/images/736030.jpg,0.8622389435768127
data/raw/ava/images/208107.jpg,0.3903579711914062
data/raw/ava/images/682445.jpg,0.8219196200370789
data/raw/ava/images/179274.jpg,0.6268629431724548
data/raw/ava/images/904352.jpg,0.4880829453468323
data/raw/ava/images/413002.jpg,0.5725467205047607
data/raw/ava/images/807195.jpg,0.4410298466682434
data/raw/ava/images/339361.jpg,0.4336582720279693
data/raw/ava/images/640244.jpg,0.9763733148574828
data/raw/ava/images/264716.jpg,0.6606519818305969
data/raw/ava/images/97984.jpg,0.7337044477462769
data/raw/ava/images/147918.jpg,0.6386966705322266
data/raw/ava/images/917447.jpg,0.1511709243059158
data/raw/ava/images/683692.jpg,0.4449684619903564
data/raw/ava/images/191454.jpg,0.8279074430465698
data/raw/ava/images/787655.jpg,0.3755819201469421
data/raw/ava/images/452929.jpg,0.3299497365951538
data/raw/ava/images/52761.jpg,0.6769188642501831
data/raw/ava/images/605323.jpg,0.5144568681716919
data/raw/ava/images/654511.jpg,0.813874363899231
data/raw/ava/images/503588.jpg,0.8693279027938843
data/raw/ava/images/674170.jpg,0.4460777342319488
data/raw/ava/images/221045.jpg,0.7631456851959229
data/raw/ava/images/129433.jpg,0.2703219354152679
data/raw/ava/images/906030.jpg,0.9415331482887268
data/raw/ava/images/846128.jpg,0.953654646873474
data/raw/ava/images/575197.jpg,0.972721517086029
data/raw/ava/images/345731.jpg,0.5156853199005127
data/raw/ava/images/391652.jpg,0.3762068152427673
data/raw/ava/images/712215.jpg,0.6292406320571899
data/raw/ava/images/95545.jpg,0.6275755167007446
data/raw/ava/images/226500.jpg,0.5533292889595032
data/raw/ava/images/167548.jpg,0.0622938573360443
data/raw/ava/images/399003.jpg,0.2418844699859619
data/raw/ava/images/426952.jpg,0.3972735106945038
data/raw/ava/images/267459.jpg,0.3426469266414642
data/raw/ava/images/240008.jpg,0.2888510823249817
data/raw/ava/images/601216.jpg,0.581392765045166
data/raw/ava/images/484401.jpg,0.894070565700531
data/raw/ava/images/647377.jpg,0.8439894318580627
data/raw/ava/images/594698.jpg,0.0519791282713413
data/raw/ava/images/566763.jpg,0.7716333866119385
data/raw/ava/images/625006.jpg,0.5225501656532288
data/raw/ava/images/338218.jpg,0.5198032259941101
data/raw/ava/images/252093.jpg,0.4763541221618652
data/raw/ava/images/192465.jpg,0.5710944533348083
data/raw/ava/images/285589.jpg,0.1309071183204651
data/raw/ava/images/672792.jpg,0.6947551965713501
data/raw/ava/images/418369.jpg,0.3464764058589935
data/raw/ava/images/230730.jpg,0.3931905031204223
data/raw/ava/images/427663.jpg,0.6153196692466736
data/raw/ava/images/911806.jpg,0.0769323781132698
data/raw/ava/images/129228.jpg,0.7502950429916382
data/raw/ava/images/569943.jpg,0.3206589221954345
data/raw/ava/images/420541.jpg,0.6223628520965576
data/raw/ava/images/857515.jpg,0.544562816619873
data/raw/ava/images/680112.jpg,0.3514745533466339
data/raw/ava/images/154168.jpg,0.0448643006384372
data/raw/ava/images/710207.jpg,0.3698152303695678
data/raw/ava/images/271127.jpg,0.2599125802516937
data/raw/ava/images/923945.jpg,0.8843017220497131
data/raw/ava/images/511014.jpg,0.955081343650818
data/raw/ava/images/765021.jpg,0.2033880949020385
data/raw/ava/images/2267.jpg,0.389862984418869
data/raw/ava/images/532060.jpg,0.3050749003887176
data/raw/ava/images/812028.jpg,0.6477034091949463
data/raw/ava/images/859174.jpg,0.8395129442214966
data/raw/ava/images/273295.jpg,0.4541110098361969
data/raw/ava/images/598201.jpg,0.5781139731407166
data/raw/ava/images/33041.jpg,0.6088508367538452
data/raw/ava/images/430920.jpg,0.3834900856018066
data/raw/ava/images/81572.jpg,0.7292905449867249
data/raw/ava/images/797437.jpg,0.6823520660400391
data/raw/ava/images/662036.jpg,0.826170802116394
data/raw/ava/images/832132.jpg,0.6662003993988037
data/raw/ava/images/317588.jpg,0.622869610786438
data/raw/ava/images/711925.jpg,0.758234977722168
data/raw/ava/images/43900.jpg,0.5549166202545166
data/raw/ava/images/291695.jpg,0.9292536973953248
data/raw/ava/images/772745.jpg,0.7537776231765747
data/raw/ava/images/627597.jpg,0.951376974582672
data/raw/ava/images/13300.jpg,0.3404763042926788
data/raw/ava/images/686756.jpg,0.4679710566997528
data/raw/ava/images/742412.jpg,0.6985872983932495
data/raw/ava/images/468321.jpg,0.0773495733737945
data/raw/ava/images/849324.jpg,0.1219313517212867
data/raw/ava/images/257329.jpg,0.7972290515899658
data/raw/ava/images/362398.jpg,0.9746578931808472
data/raw/ava/images/113485.jpg,0.1081566885113716
data/raw/ava/images/901244.jpg,0.8138546943664551
data/raw/ava/images/847030.jpg,0.9661597013473512
data/raw/ava/images/714661.jpg,0.8051142692565918
data/raw/ava/images/578706.jpg,0.8803263902664185
data/raw/ava/images/3220.jpg,0.3075174987316131
data/raw/ava/images/488260.jpg,0.2151023000478744
data/raw/ava/images/722059.jpg,0.1962926387786865
data/raw/ava/images/205891.jpg,0.2819631099700928
data/raw/ava/images/487776.jpg,0.1624150872230529
data/raw/ava/images/865327.jpg,0.8524000644683838
data/raw/ava/images/866835.jpg,0.8295050859451294
data/raw/ava/images/5624.jpg,0.1041020005941391
data/raw/ava/images/294896.jpg,0.424675703048706
data/raw/ava/images/771150.jpg,0.6083090305328369
data/raw/ava/images/848643.jpg,0.9911770224571228
data/raw/ava/images/433458.jpg,0.5504807829856873
data/raw/ava/images/673232.jpg,0.6084142923355103
data/raw/ava/images/634178.jpg,0.4014584720134735
data/raw/ava/images/148818.jpg,0.7727307081222534
data/raw/ava/images/56574.jpg,0.3912632763385772
data/raw/ava/images/733814.jpg,0.1550194174051284
data/raw/ava/images/395232.jpg,0.5022182464599609
data/raw/ava/images/579427.jpg,0.8398955464363098
data/raw/ava/images/334274.jpg,0.7072627544403076
data/raw/ava/images/771829.jpg,0.8853738307952881
data/raw/ava/images/678258.jpg,0.9103645086288452
data/raw/ava/images/72589.jpg,0.6101529598236084
data/raw/ava/images/751783.jpg,0.7059341669082642
data/raw/ava/images/886474.jpg,0.2963282763957977
data/raw/ava/images/749007.jpg,0.1483865976333618
data/raw/ava/images/105480.jpg,0.652533233165741
data/raw/ava/images/715570.jpg,0.1087959706783294
data/raw/ava/images/818297.jpg,0.8121777772903442
data/raw/ava/images/846602.jpg,0.6520364284515381
data/raw/ava/images/426399.jpg,0.381976842880249
data/raw/ava/images/694617.jpg,0.77618408203125
data/raw/ava/images/845957.jpg,0.8387805223464966
data/raw/ava/images/945843.jpg,0.724242091178894
data/raw/ava/images/33836.jpg,0.3138433992862701
data/raw/ava/images/747029.jpg,0.3898919224739074
data/raw/ava/images/861408.jpg,0.3637612164020538
data/raw/ava/images/105065.jpg,0.0480928905308246
data/raw/ava/images/24911.jpg,0.5361286997795105
data/raw/ava/images/781833.jpg,0.6230215430259705
data/raw/ava/images/285702.jpg,0.2935352921485901
data/raw/ava/images/879598.jpg,0.7917264103889465
data/raw/ava/images/164902.jpg,0.3755955696105957
data/raw/ava/images/314399.jpg,0.5906798839569092
data/raw/ava/images/606514.jpg,0.6262601017951965
data/raw/ava/images/72229.jpg,0.3174400329589844
data/raw/ava/images/845668.jpg,0.6168438196182251
data/raw/ava/images/232812.jpg,0.3437330722808838
data/raw/ava/images/126024.jpg,0.8257136940956116
data/raw/ava/images/601134.jpg,0.8529250621795654
data/raw/ava/images/411930.jpg,0.6843360662460327
data/raw/ava/images/747422.jpg,0.1846148669719696
data/raw/ava/images/583237.jpg,0.2237099409103393
data/raw/ava/images/494595.jpg,0.3299985527992248
data/raw/ava/images/837764.jpg,0.5888039469718933
data/raw/ava/images/295473.jpg,0.1111794635653495
data/raw/ava/images/317403.jpg,0.5530896186828613
data/raw/ava/images/775072.jpg,0.2932511270046234
data/raw/ava/images/49610.jpg,0.5348173975944519
data/raw/ava/images/731028.jpg,0.6562988758087158
data/raw/ava/images/424408.jpg,0.8151158094406128
data/raw/ava/images/377587.jpg,0.4718009233474731
data/raw/ava/images/444900.jpg,0.5138446092605591
data/raw/ava/images/833058.jpg,0.5802133083343506
data/raw/ava/images/574759.jpg,0.6511703729629517
data/raw/ava/images/751908.jpg,0.3831161856651306
data/raw/ava/images/51591.jpg,0.2195437401533126
data/raw/ava/images/376971.jpg,0.5622679591178894
data/raw/ava/images/230477.jpg,0.1457018256187439
data/raw/ava/images/603060.jpg,0.105788767337799
data/raw/ava/images/921915.jpg,0.9660195112228394
data/raw/ava/images/673325.jpg,0.0591985806822776
data/raw/ava/images/641118.jpg,0.8484987020492554
data/raw/ava/images/6820.jpg,0.3890105783939361
data/raw/ava/images/763895.jpg,0.1544022411108017
data/raw/ava/images/792265.jpg,0.404903769493103
data/raw/ava/images/848531.jpg,0.7156858444213867
data/raw/ava/images/930089.jpg,0.9701592326164246
data/raw/ava/images/39979.jpg,0.2927279472351074
data/raw/ava/images/907546.jpg,0.3524083197116852
data/raw/ava/images/659182.jpg,0.4309967756271362
data/raw/ava/images/584590.jpg,0.5229488611221313
data/raw/ava/images/913883.jpg,0.293120414018631
data/raw/ava/images/924.jpg,0.8280736804008484
data/raw/ava/images/840405.jpg,0.2766177356243133
data/raw/ava/images/248245.jpg,0.1287518292665481
data/raw/ava/images/936892.jpg,0.5887876152992249
data/raw/ava/images/578660.jpg,0.4847265481948852
data/raw/ava/images/281356.jpg,0.3810347020626068
data/raw/ava/images/847226.jpg,0.0461151450872421
data/raw/ava/images/656490.jpg,0.9310124516487122
data/raw/ava/images/124448.jpg,0.4861068725585937
data/raw/ava/images/74298.jpg,0.4149266481399536
data/raw/ava/images/922414.jpg,0.920405089855194
data/raw/ava/images/483083.jpg,0.1523844301700592
data/raw/ava/images/193990.jpg,0.2568984925746918
data/raw/ava/images/155661.jpg,0.4628361463546753
data/raw/ava/images/918998.jpg,0.8607717752456665
data/raw/ava/images/91665.jpg,0.4601530432701111
data/raw/ava/images/222973.jpg,0.2090835273265838
data/raw/ava/images/308215.jpg,0.3407268524169922
data/raw/ava/images/437096.jpg,0.4729810953140259
data/raw/ava/images/943943.jpg,0.2074035853147506
data/raw/ava/images/62935.jpg,0.4902854263782501
data/raw/ava/images/338339.jpg,0.8802857995033264
data/raw/ava/images/609416.jpg,0.1936944276094436
data/raw/ava/images/246426.jpg,0.6345318555831909
data/raw/ava/images/581069.jpg,0.8374415040016174
data/raw/ava/images/242877.jpg,0.0529945120215415
data/raw/ava/images/318580.jpg,0.4088256061077118
data/raw/ava/images/324682.jpg,0.7681849598884583
data/raw/ava/images/105023.jpg,0.8398288488388062
data/raw/ava/images/55121.jpg,0.315771609544754
data/raw/ava/images/524336.jpg,0.7363836765289307
data/raw/ava/images/801702.jpg,0.2933699786663055
data/raw/ava/images/601135.jpg,0.5910753011703491
data/raw/ava/images/23798.jpg,0.6480686664581299
data/raw/ava/images/945189.jpg,0.2240864485502243
data/raw/ava/images/937521.jpg,0.6252790689468384
data/raw/ava/images/365299.jpg,0.8473334312438965
data/raw/ava/images/748898.jpg,0.8932687044143677
data/raw/ava/images/3215.jpg,0.3025826215744018
data/raw/ava/images/189700.jpg,0.4573079943656921
data/raw/ava/images/181522.jpg,0.0534657090902328
data/raw/ava/images/450741.jpg,0.6743060350418091
data/raw/ava/images/526688.jpg,0.7034134864807129
data/raw/ava/images/778836.jpg,0.6408717632293701
data/raw/ava/images/68196.jpg,0.8341425657272339
data/raw/ava/images/22161.jpg,0.299212247133255
data/raw/ava/images/810397.jpg,0.9790932536125184
data/raw/ava/images/830149.jpg,0.8936262726783752
data/raw/ava/images/775518.jpg,0.6387340426445007
data/raw/ava/images/482767.jpg,0.8890302181243896
data/raw/ava/images/43867.jpg,0.4666812121868133
data/raw/ava/images/63785.jpg,0.2189610749483108
data/raw/ava/images/949152.jpg,0.9946597814559937
data/raw/ava/images/569986.jpg,0.0109912324696779
data/raw/ava/images/21753.jpg,0.2818152010440826
data/raw/ava/images/324426.jpg,0.0717339962720871
data/raw/ava/images/426191.jpg,0.290375679731369
data/raw/ava/images/476734.jpg,0.1016321033239364
data/raw/ava/images/434191.jpg,0.4959474503993988
data/raw/ava/images/654249.jpg,0.4525137543678283
data/raw/ava/images/147454.jpg,0.9475784301757812
data/raw/ava/images/673866.jpg,0.0448512807488441
data/raw/ava/images/903145.jpg,0.8032174706459045
data/raw/ava/images/120704.jpg,0.158871978521347
data/raw/ava/images/439850.jpg,0.5001305937767029
data/raw/ava/images/34556.jpg,0.2588487267494201
data/raw/ava/images/396854.jpg,0.8759655952453613
data/raw/ava/images/686656.jpg,0.6812095642089844
data/raw/ava/images/777479.jpg,0.5349129438400269
data/raw/ava/images/680621.jpg,0.9715328812599182
data/raw/ava/images/36228.jpg,0.5724070072174072
data/raw/ava/images/498704.jpg,0.4566679000854492
data/raw/ava/images/129025.jpg,0.2555817067623138
data/raw/ava/images/241854.jpg,0.0504175685346126
data/raw/ava/images/916290.jpg,0.9561402797698976
data/raw/ava/images/952936.jpg,0.8976001739501953
data/raw/ava/images/269286.jpg,0.2830126583576202
data/raw/ava/images/397306.jpg,0.5001954436302185
data/raw/ava/images/221264.jpg,0.1910888850688934
data/raw/ava/images/316511.jpg,0.0148151172325015
data/raw/ava/images/169786.jpg,0.4305887818336487
data/raw/ava/images/9019.jpg,0.4221605062484741
data/raw/ava/images/210911.jpg,0.1472601741552353
data/raw/ava/images/559234.jpg,0.3408740758895874
data/raw/ava/images/582932.jpg,0.3628909885883331
data/raw/ava/images/865663.jpg,0.4363190531730652
data/raw/ava/images/185778.jpg,0.6023775339126587
data/raw/ava/images/893584.jpg,0.722325325012207
data/raw/ava/images/324234.jpg,0.231179803609848
data/raw/ava/images/793930.jpg,0.2868189513683319
data/raw/ava/images/904749.jpg,0.8280029296875
data/raw/ava/images/222978.jpg,0.6094646453857422
data/raw/ava/images/422542.jpg,0.2956841588020324
data/raw/ava/images/3280.jpg,0.391611635684967
data/raw/ava/images/915396.jpg,0.377787709236145
data/raw/ava/images/241014.jpg,0.1921588033437729
data/raw/ava/images/559230.jpg,0.4442613422870636
data/raw/ava/images/401086.jpg,0.2885991632938385
data/raw/ava/images/878696.jpg,0.9864679574966432
data/raw/ava/images/795500.jpg,0.3126598000526428
data/raw/ava/images/594669.jpg,0.2939324975013733
data/raw/ava/images/779199.jpg,0.891717791557312
data/raw/ava/images/1694.jpg,0.0548090934753418
data/raw/ava/images/310064.jpg,0.2072925865650177
data/raw/ava/images/328058.jpg,0.1956693232059478
data/raw/ava/images/873518.jpg,0.8030347228050232
data/raw/ava/images/246260.jpg,0.5569314956665039
data/raw/ava/images/178291.jpg,0.9505053162574768
data/raw/ava/images/673675.jpg,0.3835202157497406
data/raw/ava/images/43414.jpg,0.3815963864326477
data/raw/ava/images/750787.jpg,0.9828079342842102
data/raw/ava/images/791661.jpg,0.8823543190956116
data/raw/ava/images/756680.jpg,0.9618295431137084
data/raw/ava/images/330051.jpg,0.1505273133516311
data/raw/ava/images/769972.jpg,0.5459697246551514
data/raw/ava/images/760951.jpg,0.2852635085582733
data/raw/ava/images/74920.jpg,0.0799633860588073
data/raw/ava/images/303288.jpg,0.8198850154876709
data/raw/ava/images/616512.jpg,0.5187900066375732
data/raw/ava/images/555158.jpg,0.4397866129875183
data/raw/ava/images/729009.jpg,0.4514955878257751
data/raw/ava/images/528080.jpg,0.7427741289138794
data/raw/ava/images/14591.jpg,0.4470091760158539
data/raw/ava/images/582314.jpg,0.6458962559700012
data/raw/ava/images/900765.jpg,0.4374084770679474
data/raw/ava/images/180106.jpg,0.530205488204956
data/raw/ava/images/779507.jpg,0.3884318172931671
data/raw/ava/images/648940.jpg,0.6651480197906494
data/raw/ava/images/898155.jpg,0.9427679181098938
data/raw/ava/images/909324.jpg,0.9312670826911926
data/raw/ava/images/630075.jpg,0.5447361469268799
data/raw/ava/images/289161.jpg,0.2183019071817398
data/raw/ava/images/145599.jpg,0.213756114244461
data/raw/ava/images/593670.jpg,0.7418755888938904
data/raw/ava/images/830712.jpg,0.945905327796936
data/raw/ava/images/320697.jpg,0.2244001477956771
data/raw/ava/images/227659.jpg,0.2806555032730102
data/raw/ava/images/236173.jpg,0.6117600202560425
data/raw/ava/images/824575.jpg,0.856285035610199
data/raw/ava/images/287331.jpg,0.2502106428146362
data/raw/ava/images/424283.jpg,0.0399823114275932
data/raw/ava/images/666367.jpg,0.4805933833122253
data/raw/ava/images/132263.jpg,0.449902594089508
data/raw/ava/images/113329.jpg,0.7618719339370728
data/raw/ava/images/394678.jpg,0.3164593875408172
data/raw/ava/images/370106.jpg,0.0415918454527854
data/raw/ava/images/943751.jpg,0.4957993924617767
data/raw/ava/images/852416.jpg,0.1619310081005096
data/raw/ava/images/475365.jpg,0.8359761238098145
data/raw/ava/images/58464.jpg,0.7857879400253296
data/raw/ava/images/326508.jpg,0.5216609239578247
data/raw/ava/images/688821.jpg,0.417839378118515
data/raw/ava/images/774710.jpg,0.7479369640350342
data/raw/ava/images/683934.jpg,0.1841916888952255
data/raw/ava/images/252209.jpg,0.0693494901061058
data/raw/ava/images/21213.jpg,0.4191000759601593
data/raw/ava/images/36407.jpg,0.2535902261734009
data/raw/ava/images/909654.jpg,0.298180490732193
data/raw/ava/images/170598.jpg,0.6702793836593628
data/raw/ava/images/638814.jpg,0.1789393573999405
data/raw/ava/images/820203.jpg,0.8158242702484131
data/raw/ava/images/206313.jpg,0.2527044117450714
data/raw/ava/images/687416.jpg,0.7696170806884766
data/raw/ava/images/673295.jpg,0.1508895754814148
data/raw/ava/images/176129.jpg,0.2417786866426468
data/raw/ava/images/741259.jpg,0.2468367666006088
data/raw/ava/images/75286.jpg,0.1375897377729416
data/raw/ava/images/34988.jpg,0.0148349795490503
data/raw/ava/images/14607.jpg,0.7466139793395996
data/raw/ava/images/666539.jpg,0.7519439458847046
data/raw/ava/images/274294.jpg,0.8103985786437988
data/raw/ava/images/855656.jpg,0.5022628307342529
data/raw/ava/images/171331.jpg,0.4323568046092987
data/raw/ava/images/618333.jpg,0.7910767197608948
data/raw/ava/images/893722.jpg,0.9436366558074952
data/raw/ava/images/125789.jpg,0.8022005558013916
data/raw/ava/images/311946.jpg,0.7320466041564941
data/raw/ava/images/940584.jpg,0.4580998718738556
data/raw/ava/images/799770.jpg,0.5737529397010803
data/raw/ava/images/334866.jpg,0.1785325109958648
data/raw/ava/images/859700.jpg,0.2342922389507293
data/raw/ava/images/4145.jpg,0.1626328080892563
data/raw/ava/images/639996.jpg,0.7298246026039124
data/raw/ava/images/237363.jpg,0.6521973609924316
data/raw/ava/images/328519.jpg,0.815718948841095
data/raw/ava/images/106713.jpg,0.9627256989479064
data/raw/ava/images/662719.jpg,0.935677170753479
data/raw/ava/images/805955.jpg,0.8518825769424438
data/raw/ava/images/862088.jpg,0.7432289123535156
data/raw/ava/images/716955.jpg,0.6078332662582397
data/raw/ava/images/417475.jpg,0.5094348192214966
data/raw/ava/images/326251.jpg,0.6679654121398926
data/raw/ava/images/460202.jpg,0.2512251436710357
data/raw/ava/images/316855.jpg,0.6416463851928711
data/raw/ava/images/275216.jpg,0.1887912005186081
data/raw/ava/images/874092.jpg,0.2515925168991089
data/raw/ava/images/684487.jpg,0.6063326597213745
data/raw/ava/images/320016.jpg,0.3974829614162445
data/raw/ava/images/720299.jpg,0.0672612637281417
data/raw/ava/images/476763.jpg,0.7813387513160706
data/raw/ava/images/252152.jpg,0.0834192633628845
data/raw/ava/images/582447.jpg,0.6068567037582397
data/raw/ava/images/768143.jpg,0.5475155711174011
data/raw/ava/images/343732.jpg,0.8482965230941772
data/raw/ava/images/852714.jpg,0.9549943804740906
data/raw/ava/images/391949.jpg,0.5515732765197754
data/raw/ava/images/432080.jpg,0.4719440937042236
data/raw/ava/images/570699.jpg,0.687465250492096
data/raw/ava/images/446226.jpg,0.6213940382003784
data/raw/ava/images/742669.jpg,0.9654809236526488
data/raw/ava/images/899385.jpg,0.8969074487686157
data/raw/ava/images/171504.jpg,0.6671115756034851
data/raw/ava/images/224038.jpg,0.4944488406181335
data/raw/ava/images/245061.jpg,0.9644254446029664
data/raw/ava/images/539036.jpg,0.1829460859298706
data/raw/ava/images/373689.jpg,0.1304261684417724
data/raw/ava/images/464034.jpg,0.8011104464530945
data/raw/ava/images/583340.jpg,0.1357444524765014
data/raw/ava/images/49964.jpg,0.9663145542144777
data/raw/ava/images/923483.jpg,0.8507291078567505
data/raw/ava/images/329989.jpg,0.2635291814804077
data/raw/ava/images/27981.jpg,0.7792994976043701
data/raw/ava/images/126291.jpg,0.6750449538230896
data/raw/ava/images/130699.jpg,0.7436650395393372
data/raw/ava/images/303398.jpg,0.9943764209747314
data/raw/ava/images/808599.jpg,0.7805308103561401
data/raw/ava/images/599987.jpg,0.8397090435028076
data/raw/ava/images/802450.jpg,0.7917238473892212
data/raw/ava/images/718378.jpg,0.9378077387809752
data/raw/ava/images/604291.jpg,0.7471482753753662
data/raw/ava/images/639498.jpg,0.2893109619617462
data/raw/ava/images/395454.jpg,0.205023393034935
data/raw/ava/images/909063.jpg,0.9508077502250672
data/raw/ava/images/36066.jpg,0.2370108664035797
data/raw/ava/images/398127.jpg,0.0894834399223327
data/raw/ava/images/470751.jpg,0.9024388194084167
data/raw/ava/images/396657.jpg,0.693518340587616
data/raw/ava/images/422486.jpg,0.322917491197586
data/raw/ava/images/813135.jpg,0.520442545413971
data/raw/ava/images/642370.jpg,0.812420666217804
data/raw/ava/images/448858.jpg,0.6748337149620056
data/raw/ava/images/373746.jpg,0.3509043157100677
data/raw/ava/images/283881.jpg,0.541325032711029
data/raw/ava/images/605413.jpg,0.1831636130809784
data/raw/ava/images/768962.jpg,0.51819908618927
data/raw/ava/images/637817.jpg,0.9957879185676576
data/raw/ava/images/793621.jpg,0.1338092982769012
data/raw/ava/images/90884.jpg,0.8648345470428467
data/raw/ava/images/682458.jpg,0.3735463917255401
data/raw/ava/images/120997.jpg,0.7110923528671265
data/raw/ava/images/388678.jpg,0.689787745475769
data/raw/ava/images/763492.jpg,0.3488775193691253
data/raw/ava/images/841217.jpg,0.9793102741241456
data/raw/ava/images/71935.jpg,0.5377959609031677
data/raw/ava/images/856184.jpg,0.5270081758499146
data/raw/ava/images/491727.jpg,0.7301589250564575
data/raw/ava/images/932727.jpg,0.6942647695541382
data/raw/ava/images/486927.jpg,0.8851450681686401
data/raw/ava/images/442550.jpg,0.2012752592563629
data/raw/ava/images/275865.jpg,0.6316289901733398
data/raw/ava/images/955641.jpg,0.53010493516922
data/raw/ava/images/686936.jpg,0.4537563025951385
data/raw/ava/images/880416.jpg,0.979500412940979
data/raw/ava/images/828514.jpg,0.6857030987739563
data/raw/ava/images/893122.jpg,0.2892947196960449
data/raw/ava/images/151188.jpg,0.5765585899353027
data/raw/ava/images/773426.jpg,0.0205478221178054
data/raw/ava/images/12189.jpg,0.436721533536911
data/raw/ava/images/827450.jpg,0.6585690379142761
data/raw/ava/images/845034.jpg,0.343849241733551
data/raw/ava/images/42812.jpg,0.1829939037561416
data/raw/ava/images/931805.jpg,0.1483417004346847
data/raw/ava/images/116178.jpg,0.8605475425720215
data/raw/ava/images/127778.jpg,0.2375612258911132
data/raw/ava/images/467191.jpg,0.6999421119689941
data/raw/ava/images/695323.jpg,0.7282354831695557
data/raw/ava/images/289.jpg,0.3988752067089081
data/raw/ava/images/445046.jpg,0.3278138339519501
data/raw/ava/images/150439.jpg,0.7692657709121704
data/raw/ava/images/938330.jpg,0.7054848670959473
data/raw/ava/images/743662.jpg,0.8236395716667175
data/raw/ava/images/908278.jpg,0.9830114841461182
data/raw/ava/images/160414.jpg,0.2634573578834533
data/raw/ava/images/720172.jpg,0.2099884152412414
data/raw/ava/images/285544.jpg,0.2454597353935241
data/raw/ava/images/673650.jpg,0.4217527210712433
data/raw/ava/images/42816.jpg,0.1991593986749649
data/raw/ava/images/778372.jpg,0.8720007538795471
data/raw/ava/images/96467.jpg,0.5977514982223511
data/raw/ava/images/268723.jpg,0.0695180594921112
data/raw/ava/images/725125.jpg,0.0897141546010971
data/raw/ava/images/285735.jpg,0.7911649942398071
data/raw/ava/images/812764.jpg,0.6591566801071167
data/raw/ava/images/412096.jpg,0.1016431599855423
data/raw/ava/images/225011.jpg,0.5546649694442749
data/raw/ava/images/759384.jpg,0.6816228628158569
data/raw/ava/images/758364.jpg,0.3884028792381286
data/raw/ava/images/94684.jpg,0.4564055204391479
data/raw/ava/images/335296.jpg,0.3222076892852783
data/raw/ava/images/724250.jpg,0.2664982974529266
data/raw/ava/images/372746.jpg,0.5760526657104492
data/raw/ava/images/128113.jpg,0.0453505404293537
data/raw/ava/images/841755.jpg,0.7848609089851379
data/raw/ava/images/249533.jpg,0.4092600047588348
data/raw/ava/images/263154.jpg,0.4311150014400482
data/raw/ava/images/14608.jpg,0.5900952219963074
data/raw/ava/images/289836.jpg,0.8402045369148254
data/raw/ava/images/527811.jpg,0.7997254729270935
data/raw/ava/images/460712.jpg,0.5481871366500854
data/raw/ava/images/503475.jpg,0.8147029876708984
data/raw/ava/images/1819.jpg,0.1184088289737701
data/raw/ava/images/655720.jpg,0.6912828683853149
data/raw/ava/images/883557.jpg,0.7353055477142334
data/raw/ava/images/182174.jpg,0.9120351672172546
data/raw/ava/images/71771.jpg,0.2262511402368545
data/raw/ava/images/880438.jpg,0.566466212272644
data/raw/ava/images/466800.jpg,0.3969135880470276
data/raw/ava/images/460215.jpg,0.6660971641540527
data/raw/ava/images/439703.jpg,0.3585171401500702
data/raw/ava/images/325081.jpg,0.7803069353103638
data/raw/ava/images/127342.jpg,0.6669988036155701
data/raw/ava/images/622816.jpg,0.6488973498344421
data/raw/ava/images/229376.jpg,0.4263980388641357
data/raw/ava/images/440510.jpg,0.1463145613670349
data/raw/ava/images/823523.jpg,0.8890966176986694
data/raw/ava/images/618853.jpg,0.2363996058702469
data/raw/ava/images/303534.jpg,0.988619863986969
data/raw/ava/images/232536.jpg,0.6992971301078796
data/raw/ava/images/17308.jpg,0.6459704637527466
data/raw/ava/images/947086.jpg,0.8690414428710938
data/raw/ava/images/692282.jpg,0.1585825681686401
data/raw/ava/images/431349.jpg,0.3865785300731659
data/raw/ava/images/184222.jpg,0.4076839387416839
data/raw/ava/images/434679.jpg,0.915704071521759
data/raw/ava/images/650069.jpg,0.9010411500930786
data/raw/ava/images/754941.jpg,0.9742274284362792
data/raw/ava/images/316622.jpg,0.5883188247680664
data/raw/ava/images/827349.jpg,0.4854126572608948
data/raw/ava/images/930594.jpg,0.8362457156181335
data/raw/ava/images/847420.jpg,0.8760055899620056
data/raw/ava/images/890974.jpg,0.586650013923645
data/raw/ava/images/897983.jpg,0.5276567339897156
data/raw/ava/images/828726.jpg,0.386715680360794
data/raw/ava/images/23968.jpg,0.4243208467960357
data/raw/ava/images/716593.jpg,0.4571666121482849
data/raw/ava/images/135138.jpg,0.151349276304245
data/raw/ava/images/124508.jpg,0.3666419088840484
data/raw/ava/images/851774.jpg,0.513587236404419
data/raw/ava/images/489561.jpg,0.5377061367034912
data/raw/ava/images/34616.jpg,0.4835372269153595
data/raw/ava/images/377614.jpg,0.4665536284446716
data/raw/ava/images/183037.jpg,0.5455116033554077
data/raw/ava/images/14448.jpg,0.146652415394783
data/raw/ava/images/72115.jpg,0.4765397012233734
data/raw/ava/images/362523.jpg,0.9943055510520936
data/raw/ava/images/944114.jpg,0.7066515684127808
data/raw/ava/images/319964.jpg,0.4278459846973419
data/raw/ava/images/28706.jpg,0.9457075595855712
data/raw/ava/images/254877.jpg,0.622024416923523
data/raw/ava/images/427936.jpg,0.4975553154945373
data/raw/ava/images/637397.jpg,0.909111738204956
data/raw/ava/images/50991.jpg,0.4705793857574463
data/raw/ava/images/204537.jpg,0.8614358901977539
data/raw/ava/images/461714.jpg,0.8023914098739624
data/raw/ava/images/289106.jpg,0.4477766454219818
data/raw/ava/images/41811.jpg,0.5364473462104797
data/raw/ava/images/828691.jpg,0.3852085769176483
data/raw/ava/images/860688.jpg,0.4405339956283569
data/raw/ava/images/357699.jpg,0.3662721514701843
data/raw/ava/images/94677.jpg,0.8442380428314209
data/raw/ava/images/580862.jpg,0.7782965898513794
data/raw/ava/images/317820.jpg,0.4204463064670563
data/raw/ava/images/921780.jpg,0.0940496027469635
data/raw/ava/images/788664.jpg,0.942566692829132
data/raw/ava/images/18728.jpg,0.4863624274730682
data/raw/ava/images/235729.jpg,0.6276870965957642
data/raw/ava/images/926583.jpg,0.602034330368042
data/raw/ava/images/318826.jpg,0.5855550765991211
data/raw/ava/images/592088.jpg,0.4751920700073242
data/raw/ava/images/531493.jpg,0.1909018903970718
data/raw/ava/images/404626.jpg,0.5573495626449585
data/raw/ava/images/638922.jpg,0.2358113825321197
data/raw/ava/images/633906.jpg,0.8254250884056091
data/raw/ava/images/793943.jpg,0.8302177786827087
data/raw/ava/images/283632.jpg,0.9152085781097412
data/raw/ava/images/624840.jpg,0.8330017328262329
data/raw/ava/images/345865.jpg,0.6128928065299988
data/raw/ava/images/535769.jpg,0.9739214181900024
data/raw/ava/images/407159.jpg,0.1506848037242889
data/raw/ava/images/251405.jpg,0.100757710635662
data/raw/ava/images/923005.jpg,0.9620861411094666
data/raw/ava/images/311724.jpg,0.7275880575180054
data/raw/ava/images/199026.jpg,0.3068579733371734
data/raw/ava/images/424249.jpg,0.6407591104507446
data/raw/ava/images/31029.jpg,0.2127704173326492
data/raw/ava/images/751716.jpg,0.9207271933555604
data/raw/ava/images/840403.jpg,0.9689033031463624
data/raw/ava/images/117058.jpg,0.5065383911132812
data/raw/ava/images/10182.jpg,0.1814969480037689
data/raw/ava/images/447957.jpg,0.53748619556427
data/raw/ava/images/864063.jpg,0.9789106845855712
data/raw/ava/images/518748.jpg,0.6105165481567383
data/raw/ava/images/17123.jpg,0.0507054887712001
data/raw/ava/images/943954.jpg,0.9703256487846376
data/raw/ava/images/503810.jpg,0.4166713654994964
data/raw/ava/images/394155.jpg,0.7959955930709839
data/raw/ava/images/640669.jpg,0.6222668886184692
data/raw/ava/images/73454.jpg,0.1562422662973404
data/raw/ava/images/487990.jpg,0.8479105234146118
data/raw/ava/images/697349.jpg,0.6109200716018677
data/raw/ava/images/648286.jpg,0.8532525897026062
data/raw/ava/images/850997.jpg,0.8579368591308594
data/raw/ava/images/741431.jpg,0.5995974540710449
data/raw/ava/images/571923.jpg,0.6252198219299316
data/raw/ava/images/503303.jpg,0.6939646005630493
data/raw/ava/images/754701.jpg,0.8940494656562805
data/raw/ava/images/344378.jpg,0.2375912219285965
data/raw/ava/images/262979.jpg,0.8165444135665894
data/raw/ava/images/37007.jpg,0.4891575872898102
data/raw/ava/images/114051.jpg,0.3588621020317077
data/raw/ava/images/103670.jpg,0.6701555252075195
data/raw/ava/images/24144.jpg,0.6871377229690552
data/raw/ava/images/68541.jpg,0.3632765412330627
data/raw/ava/images/569347.jpg,0.800482451915741
data/raw/ava/images/125683.jpg,0.2940628826618194
data/raw/ava/images/193951.jpg,0.3688189387321472
data/raw/ava/images/546763.jpg,0.3958203792572021
data/raw/ava/images/465105.jpg,0.4537085890769958
data/raw/ava/images/910353.jpg,0.5642101764678955
data/raw/ava/images/606954.jpg,0.4613638520240783
data/raw/ava/images/775591.jpg,0.1087272390723228
data/raw/ava/images/209327.jpg,0.1846875548362732
data/raw/ava/images/815635.jpg,0.6355958580970764
data/raw/ava/images/616571.jpg,0.123808354139328
data/raw/ava/images/320595.jpg,0.4230815172195434
data/raw/ava/images/468449.jpg,0.460024356842041
data/raw/ava/images/340749.jpg,0.0160685740411281
data/raw/ava/images/292117.jpg,0.5942933559417725
data/raw/ava/images/49391.jpg,0.0232364237308502
data/raw/ava/images/112845.jpg,0.2135543674230575
data/raw/ava/images/343915.jpg,0.6893892288208008
data/raw/ava/images/42259.jpg,0.5779315233230591
data/raw/ava/images/769349.jpg,0.6761524677276611
data/raw/ava/images/2809.jpg,0.114615187048912
data/raw/ava/images/305287.jpg,0.7873956561088562
data/raw/ava/images/857171.jpg,0.3948924839496612
data/raw/ava/images/935408.jpg,0.978805661201477
data/raw/ava/images/28601.jpg,0.7014529705047607
data/raw/ava/images/742027.jpg,0.5444759726524353
data/raw/ava/images/827581.jpg,0.2106160968542099
data/raw/ava/images/771861.jpg,0.4339935481548309
data/raw/ava/images/936183.jpg,0.8783812522888184
data/raw/ava/images/52584.jpg,0.5737409591674805
data/raw/ava/images/12865.jpg,0.1545238643884658
data/raw/ava/images/730528.jpg,0.3489091694355011
data/raw/ava/images/648416.jpg,0.7733513116836548
data/raw/ava/images/72051.jpg,0.6269944310188293
data/raw/ava/images/28892.jpg,0.1348358392715454
data/raw/ava/images/598384.jpg,0.6085824966430664
data/raw/ava/images/821787.jpg,0.1476589441299438
data/raw/ava/images/158720.jpg,0.2483794093132019
data/raw/ava/images/51826.jpg,0.474118173122406
data/raw/ava/images/267792.jpg,0.3752825558185577
data/raw/ava/images/141532.jpg,0.303420752286911
data/raw/ava/images/275201.jpg,0.3682300448417663
data/raw/ava/images/89008.jpg,0.3289690911769867
data/raw/ava/images/64161.jpg,0.3273794054985046
data/raw/ava/images/534441.jpg,0.4331106543540954
data/raw/ava/images/735459.jpg,0.4687839150428772
data/raw/ava/images/702476.jpg,0.1918589919805526
data/raw/ava/images/177507.jpg,0.0895495489239692
data/raw/ava/images/31094.jpg,0.4211838245391845
data/raw/ava/images/892929.jpg,0.3149618506431579
data/raw/ava/images/536747.jpg,0.8033736348152161
data/raw/ava/images/3697.jpg,0.0908382534980773
data/raw/ava/images/864133.jpg,0.5830148458480835
data/raw/ava/images/15928.jpg,0.6965782642364502
data/raw/ava/images/5492.jpg,0.2784397304058075
data/raw/ava/images/818468.jpg,0.8060283064842224
data/raw/ava/images/473477.jpg,0.4242413938045501
data/raw/ava/images/171036.jpg,0.6135715842247009
data/raw/ava/images/476214.jpg,0.524463415145874
data/raw/ava/images/444978.jpg,0.3823395371437073
data/raw/ava/images/473336.jpg,0.5525295734405518
data/raw/ava/images/45012.jpg,0.9588465094566344
data/raw/ava/images/619244.jpg,0.5682880282402039
data/raw/ava/images/772229.jpg,0.5330146551132202
data/raw/ava/images/442914.jpg,0.9074208736419678
data/raw/ava/images/579693.jpg,0.7962034940719604
data/raw/ava/images/242043.jpg,0.3519922494888305
data/raw/ava/images/486926.jpg,0.1826118677854538
data/raw/ava/images/382439.jpg,0.7607389092445374
data/raw/ava/images/166854.jpg,0.1563318520784378
data/raw/ava/images/680595.jpg,0.9273083806037904
data/raw/ava/images/783744.jpg,0.2029617428779602
data/raw/ava/images/868216.jpg,0.843543291091919
data/raw/ava/images/525194.jpg,0.7196124196052551
data/raw/ava/images/925836.jpg,0.6159240007400513
data/raw/ava/images/204559.jpg,0.84209805727005
data/raw/ava/images/350620.jpg,0.9649879336357116
data/raw/ava/images/391140.jpg,0.6003769636154175
data/raw/ava/images/651559.jpg,0.1766523718833923
data/raw/ava/images/138194.jpg,0.6975972056388855
data/raw/ava/images/66292.jpg,0.6780730485916138
data/raw/ava/images/305325.jpg,0.7974438667297363
data/raw/ava/images/18250.jpg,0.8986067771911621
data/raw/ava/images/38195.jpg,0.0711711123585701
data/raw/ava/images/108655.jpg,0.8684714436531067
data/raw/ava/images/671717.jpg,0.2248936891555786
data/raw/ava/images/864703.jpg,0.5862886905670166
data/raw/ava/images/438332.jpg,0.5295983552932739
data/raw/ava/images/97009.jpg,0.2197712361812591
data/raw/ava/images/203145.jpg,0.1885940730571746
data/raw/ava/images/896736.jpg,0.3556782007217407
data/raw/ava/images/181669.jpg,0.1252959221601486
data/raw/ava/images/933196.jpg,0.712299644947052
data/raw/ava/images/741451.jpg,0.8615890741348267
data/raw/ava/images/275834.jpg,0.2108136862516403
data/raw/ava/images/209169.jpg,0.2479951530694961
data/raw/ava/images/66824.jpg,0.4369434714317322
data/raw/ava/images/12326.jpg,0.7928319573402405
data/raw/ava/images/429326.jpg,0.9594547748565674
data/raw/ava/images/88566.jpg,0.77154940366745
data/raw/ava/images/538104.jpg,0.4574919044971466
data/raw/ava/images/709110.jpg,0.7182323336601257
data/raw/ava/images/290771.jpg,0.3509418368339538
data/raw/ava/images/769948.jpg,0.6215013265609741
data/raw/ava/images/806841.jpg,0.7898768186569214
data/raw/ava/images/602101.jpg,0.4430080056190491
data/raw/ava/images/920461.jpg,0.1045754477381706
data/raw/ava/images/656857.jpg,0.101950779557228
data/raw/ava/images/34632.jpg,0.829188346862793
data/raw/ava/images/612966.jpg,0.9996780157089232
data/raw/ava/images/426802.jpg,0.8718688488006592
data/raw/ava/images/85321.jpg,0.0299854800105094
data/raw/ava/images/798034.jpg,0.9618151783943176
data/raw/ava/images/937901.jpg,0.2468129247426986
data/raw/ava/images/459806.jpg,0.3604430556297302
data/raw/ava/images/412453.jpg,0.6172184944152832
data/raw/ava/images/10430.jpg,0.1548611968755722
data/raw/ava/images/592730.jpg,0.5079308152198792
data/raw/ava/images/913790.jpg,0.2046319395303726
data/raw/ava/images/722787.jpg,0.9104174971580504
data/raw/ava/images/81808.jpg,0.1299441307783126
data/raw/ava/images/328354.jpg,0.3055221438407898
data/raw/ava/images/464969.jpg,0.4958886504173279
data/raw/ava/images/134451.jpg,0.6516079902648926
data/raw/ava/images/950602.jpg,0.0961114093661308
data/raw/ava/images/566765.jpg,0.6811767816543579
data/raw/ava/images/842850.jpg,0.2670352756977081
data/raw/ava/images/911723.jpg,0.8843879699707031
data/raw/ava/images/747530.jpg,0.7507691383361816
data/raw/ava/images/528988.jpg,0.5006460547447205
data/raw/ava/images/605266.jpg,0.8671923279762268
data/raw/ava/images/71276.jpg,0.1259592920541763
data/raw/ava/images/440253.jpg,0.8238714337348938
data/raw/ava/images/447171.jpg,0.8316178917884827
data/raw/ava/images/731534.jpg,0.332060307264328
data/raw/ava/images/162031.jpg,0.2942632138729095
data/raw/ava/images/386708.jpg,0.2648445963859558
data/raw/ava/images/432998.jpg,0.8218018412590027
data/raw/ava/images/639808.jpg,0.9753162264823914
data/raw/ava/images/542764.jpg,0.3984439671039581
data/raw/ava/images/117829.jpg,0.7774800658226013
data/raw/ava/images/294285.jpg,0.583464503288269
data/raw/ava/images/733156.jpg,0.7541366219520569
data/raw/ava/images/276521.jpg,0.5543777942657471
data/raw/ava/images/398848.jpg,0.0998693481087684
data/raw/ava/images/505566.jpg,0.8981615304946899
data/raw/ava/images/786755.jpg,0.7562499046325684
data/raw/ava/images/947938.jpg,0.9383071660995485
data/raw/ava/images/909942.jpg,0.396343857049942
data/raw/ava/images/688817.jpg,0.8028520345687866
data/raw/ava/images/518791.jpg,0.655881404876709
data/raw/ava/images/729314.jpg,0.5166237950325012
data/raw/ava/images/775787.jpg,0.3429066836833954
data/raw/ava/images/527582.jpg,0.7146996855735779
data/raw/ava/images/772468.jpg,0.2309373468160629
data/raw/ava/images/459777.jpg,0.3954754769802093
data/raw/ava/images/140850.jpg,0.8734752535820007
data/raw/ava/images/907573.jpg,0.973010241985321
data/raw/ava/images/605832.jpg,0.6671966314315796
data/raw/ava/images/103929.jpg,0.0998845249414444
data/raw/ava/images/73385.jpg,0.1722301542758941
data/raw/ava/images/851077.jpg,0.5926097631454468
data/raw/ava/images/234408.jpg,0.4442406296730041
data/raw/ava/images/234579.jpg,0.350637823343277
data/raw/ava/images/437731.jpg,0.1443755328655243
data/raw/ava/images/376657.jpg,0.9470336437225342
data/raw/ava/images/672373.jpg,0.568601131439209
data/raw/ava/images/577943.jpg,0.3723050355911255
data/raw/ava/images/74099.jpg,0.3513955175876617
data/raw/ava/images/101323.jpg,0.4483093619346618
data/raw/ava/images/159244.jpg,0.8793708086013794
data/raw/ava/images/13683.jpg,0.8625842332839966
data/raw/ava/images/501402.jpg,0.5890108346939087
data/raw/ava/images/139881.jpg,0.2515247166156769
data/raw/ava/images/284541.jpg,0.5872200727462769
data/raw/ava/images/821429.jpg,0.464231938123703
data/raw/ava/images/102892.jpg,0.3589686155319214
data/raw/ava/images/950251.jpg,0.4116308689117431
data/raw/ava/images/936820.jpg,0.5706995725631714
data/raw/ava/images/502353.jpg,0.2774142622947693
data/raw/ava/images/157741.jpg,0.7938330173492432
data/raw/ava/images/761321.jpg,0.6862622499465942
data/raw/ava/images/923918.jpg,0.1135745719075203
data/raw/ava/images/216550.jpg,0.6025410294532776
data/raw/ava/images/551026.jpg,0.8518214821815491
data/raw/ava/images/65095.jpg,0.2287925034761428
data/raw/ava/images/241824.jpg,0.2125055193901062
data/raw/ava/images/385835.jpg,0.194292202591896
data/raw/ava/images/338495.jpg,0.5232510566711426
data/raw/ava/images/442839.jpg,0.9343550205230712
data/raw/ava/images/94816.jpg,0.2138566076755523
data/raw/ava/images/861840.jpg,0.8169306516647339
data/raw/ava/images/287851.jpg,0.7871178388595581
data/raw/ava/images/488998.jpg,0.1680683195590973
data/raw/ava/images/16339.jpg,0.2342478036880493
data/raw/ava/images/315225.jpg,0.5310906171798706
data/raw/ava/images/190540.jpg,0.5028229355812073
data/raw/ava/images/754483.jpg,0.7361025810241699
data/raw/ava/images/431286.jpg,0.5529646873474121
data/raw/ava/images/4412.jpg,0.2990965247154236
data/raw/ava/images/86317.jpg,0.6748327016830444
data/raw/ava/images/347477.jpg,0.3224436044692993
data/raw/ava/images/864295.jpg,0.9964392185211182
data/raw/ava/images/386851.jpg,0.4822648167610168
data/raw/ava/images/25396.jpg,0.3118362426757812
data/raw/ava/images/217702.jpg,0.0944108963012695
data/raw/ava/images/562.jpg,0.1803016364574432
data/raw/ava/images/885817.jpg,0.5399948358535767
data/raw/ava/images/288950.jpg,0.9260953068733216
data/raw/ava/images/251501.jpg,0.254065454006195
data/raw/ava/images/357258.jpg,0.4657395184040069
data/raw/ava/images/324189.jpg,0.7736574411392212
data/raw/ava/images/557827.jpg,0.9208048582077026
data/raw/ava/images/64029.jpg,0.3149616122245788
data/raw/ava/images/320983.jpg,0.6326944828033447
data/raw/ava/images/836626.jpg,0.388175368309021
data/raw/ava/images/740441.jpg,0.8574379682540894
data/raw/ava/images/432921.jpg,0.4248042404651642
data/raw/ava/images/563288.jpg,0.3340927064418793
data/raw/ava/images/163540.jpg,0.6374296545982361
data/raw/ava/images/11629.jpg,0.1266862750053405
data/raw/ava/images/300803.jpg,0.0830245837569236
data/raw/ava/images/892578.jpg,0.6955413818359375
data/raw/ava/images/880891.jpg,0.7483922243118286
data/raw/ava/images/68036.jpg,0.1431293934583664
data/raw/ava/images/284923.jpg,0.2298530042171478
data/raw/ava/images/318231.jpg,0.7397096157073975
data/raw/ava/images/541265.jpg,0.7389259338378906
data/raw/ava/images/31952.jpg,0.4815236628055572
data/raw/ava/images/726449.jpg,0.7358672618865967
data/raw/ava/images/131240.jpg,0.3553200662136078
data/raw/ava/images/241993.jpg,0.1205910444259643
data/raw/ava/images/393644.jpg,0.1629778444766998
data/raw/ava/images/297815.jpg,0.4765453040599823
data/raw/ava/images/322556.jpg,0.6730523109436035
data/raw/ava/images/601936.jpg,0.624028205871582
data/raw/ava/images/41339.jpg,0.916124939918518
data/raw/ava/images/288828.jpg,0.7284998297691345
data/raw/ava/images/453730.jpg,0.2082621902227401
data/raw/ava/images/916642.jpg,0.9663749933242798
data/raw/ava/images/241135.jpg,0.1841979771852493
data/raw/ava/images/776886.jpg,0.8226900696754456
data/raw/ava/images/158133.jpg,0.7056217193603516
data/raw/ava/images/282627.jpg,0.700120210647583
data/raw/ava/images/922660.jpg,0.6925151348114014
data/raw/ava/images/48621.jpg,0.0471413619816303
data/raw/ava/images/448918.jpg,0.8441612720489502
data/raw/ava/images/208829.jpg,0.173635721206665
data/raw/ava/images/98164.jpg,0.2700763344764709
data/raw/ava/images/831593.jpg,0.3753683567047119
data/raw/ava/images/874121.jpg,0.8515775799751282
data/raw/ava/images/737652.jpg,0.2710460424423218
data/raw/ava/images/536692.jpg,0.5604508519172668
data/raw/ava/images/770254.jpg,0.7006658315658569
data/raw/ava/images/291311.jpg,0.8436076045036316
data/raw/ava/images/132315.jpg,0.1680774241685867
data/raw/ava/images/12216.jpg,0.7586397528648376
data/raw/ava/images/575241.jpg,0.6339951753616333
data/raw/ava/images/159343.jpg,0.1031028032302856
data/raw/ava/images/621094.jpg,0.7104336023330688
data/raw/ava/images/952882.jpg,0.4836847186088562
data/raw/ava/images/624304.jpg,0.9278112053871156
data/raw/ava/images/190285.jpg,0.3015734255313873
data/raw/ava/images/102640.jpg,0.1754787117242813
data/raw/ava/images/750613.jpg,0.610427975654602
data/raw/ava/images/1907.jpg,0.2195452153682708
data/raw/ava/images/659835.jpg,0.3489699959754944
data/raw/ava/images/43372.jpg,0.0862729176878929
data/raw/ava/images/23055.jpg,0.4389044046401977
data/raw/ava/images/431891.jpg,0.7873632311820984
data/raw/ava/images/14835.jpg,0.3724057972431183
data/raw/ava/images/403400.jpg,0.6713193655014038
data/raw/ava/images/867333.jpg,0.3056046366691589
data/raw/ava/images/420706.jpg,0.8724287152290344
data/raw/ava/images/626296.jpg,0.6150509119033813
data/raw/ava/images/399446.jpg,0.5311895608901978
data/raw/ava/images/882131.jpg,0.8199235796928406
data/raw/ava/images/59229.jpg,0.5386641025543213
data/raw/ava/images/341730.jpg,0.1960564702749252
data/raw/ava/images/426674.jpg,0.1489708572626114
data/raw/ava/images/498880.jpg,0.1390680521726608
data/raw/ava/images/940969.jpg,0.55589759349823
data/raw/ava/images/167238.jpg,0.5244734883308411
data/raw/ava/images/562218.jpg,0.1552491784095764
data/raw/ava/images/672647.jpg,0.7845075130462646
data/raw/ava/images/153370.jpg,0.9012889862060548
data/raw/ava/images/78046.jpg,0.5534242391586304
data/raw/ava/images/750145.jpg,0.7508002519607544
data/raw/ava/images/482426.jpg,0.3998863101005554
data/raw/ava/images/761315.jpg,0.688519299030304
data/raw/ava/images/264536.jpg,0.7021417021751404
data/raw/ava/images/95072.jpg,0.6308016777038574
data/raw/ava/images/843230.jpg,0.839866578578949
data/raw/ava/images/938393.jpg,0.9501319527626038
data/raw/ava/images/666090.jpg,0.9363277554512024
data/raw/ava/images/32352.jpg,0.3685737550258636
data/raw/ava/images/286096.jpg,0.8482241630554199
data/raw/ava/images/275065.jpg,0.7122904658317566
data/raw/ava/images/138925.jpg,0.1456171870231628
data/raw/ava/images/715411.jpg,0.8020298480987549
data/raw/ava/images/790387.jpg,0.3151913285255432
data/raw/ava/images/8524.jpg,0.1029773354530334
data/raw/ava/images/236125.jpg,0.7843777537345886
data/raw/ava/images/253978.jpg,0.735737681388855
data/raw/ava/images/123315.jpg,0.3889911770820617
data/raw/ava/images/873055.jpg,0.2817536890506744
data/raw/ava/images/613164.jpg,0.8493636250495911
data/raw/ava/images/811584.jpg,0.5145418643951416
data/raw/ava/images/719037.jpg,0.1318206787109375
data/raw/ava/images/308099.jpg,0.57286137342453
data/raw/ava/images/889373.jpg,0.8306195735931396
data/raw/ava/images/614688.jpg,0.3218223452568054
data/raw/ava/images/275500.jpg,0.0793648436665535
data/raw/ava/images/8050.jpg,0.4050884842872619
data/raw/ava/images/880774.jpg,0.8205309510231018
data/raw/ava/images/439567.jpg,0.2922031283378601
data/raw/ava/images/926845.jpg,0.6200319528579712
data/raw/ava/images/96941.jpg,0.1722798645496368
data/raw/ava/images/61560.jpg,0.4528526663780212
data/raw/ava/images/835446.jpg,0.7682998180389404
data/raw/ava/images/366203.jpg,0.1001406535506248
data/raw/ava/images/844341.jpg,0.643154501914978
data/raw/ava/images/4903.jpg,0.0484297573566436
data/raw/ava/images/876251.jpg,0.9272606372833252
data/raw/ava/images/930220.jpg,0.9643621444702148
data/raw/ava/images/197343.jpg,0.2411949783563614
data/raw/ava/images/669641.jpg,0.289933443069458
data/raw/ava/images/689846.jpg,0.6058127880096436
data/raw/ava/images/633732.jpg,0.6259876489639282
data/raw/ava/images/346529.jpg,0.4782715737819671
data/raw/ava/images/606633.jpg,0.9865599870681764
data/raw/ava/images/477494.jpg,0.9075102806091307
data/raw/ava/images/10196.jpg,0.3564781248569488
data/raw/ava/images/90483.jpg,0.236659899353981
data/raw/ava/images/887377.jpg,0.8881688117980957
data/raw/ava/images/440611.jpg,0.2256432771682739
data/raw/ava/images/259846.jpg,0.428015798330307
data/raw/ava/images/232837.jpg,0.5214999914169312
data/raw/ava/images/233133.jpg,0.3135145306587219
data/raw/ava/images/115349.jpg,0.0777784511446952
data/raw/ava/images/442751.jpg,0.0510031878948211
data/raw/ava/images/161930.jpg,0.406652569770813
data/raw/ava/images/312096.jpg,0.0983482301235199
data/raw/ava/images/460523.jpg,0.792228102684021
data/raw/ava/images/555555.jpg,0.5854185819625854
data/raw/ava/images/957272.jpg,0.8905510306358337
data/raw/ava/images/59448.jpg,0.1801633387804031
data/raw/ava/images/314772.jpg,0.5569722652435303
data/raw/ava/images/17889.jpg,0.5426489114761353
data/raw/ava/images/938561.jpg,0.9837132692337036
data/raw/ava/images/598426.jpg,0.9331543445587158
data/raw/ava/images/521672.jpg,0.9576205611228944
data/raw/ava/images/60698.jpg,0.2798759341239929
data/raw/ava/images/262606.jpg,0.5340994000434875
data/raw/ava/images/260851.jpg,0.2797479629516601
data/raw/ava/images/375028.jpg,0.2661210000514984
data/raw/ava/images/10833.jpg,0.3460566699504852
data/raw/ava/images/369378.jpg,0.2530236542224884
data/raw/ava/images/115490.jpg,0.5712676048278809
data/raw/ava/images/16939.jpg,0.6208549737930298
data/raw/ava/images/836199.jpg,0.580520749092102
data/raw/ava/images/228226.jpg,0.6446648240089417
data/raw/ava/images/565862.jpg,0.9228588938713074
data/raw/ava/images/387563.jpg,0.4842117130756378
data/raw/ava/images/607685.jpg,0.2402335703372955
data/raw/ava/images/701680.jpg,0.2319058626890182
data/raw/ava/images/9162.jpg,0.0915740802884101
data/raw/ava/images/490749.jpg,0.913069784641266
data/raw/ava/images/310063.jpg,0.9235295057296752
data/raw/ava/images/900927.jpg,0.7992695569992065
data/raw/ava/images/339440.jpg,0.3292731642723083
data/raw/ava/images/515304.jpg,0.8338075876235962
data/raw/ava/images/543586.jpg,0.2779988944530487
data/raw/ava/images/457313.jpg,0.950288474559784
data/raw/ava/images/545966.jpg,0.9068461656570436
data/raw/ava/images/431917.jpg,0.1922865360975265
data/raw/ava/images/42759.jpg,0.6502615213394165
data/raw/ava/images/319572.jpg,0.4228401482105255
data/raw/ava/images/480455.jpg,0.5558568239212036
data/raw/ava/images/490709.jpg,0.7326798439025879
