image_path,mean_patch_area,union_area,obj_coverage,main_obj_covered,efficiency
/home/omen_pc1/ava/images/165180.jpg,0.06967552681992337,0.2335,0.25,1.0,3.588060419638101
/home/omen_pc1/ava/images/287613.jpg,0.04458234130899223,0.2156,0.0,0.0,0.0
/home/omen_pc1/ava/images/377303.jpg,0.11197050644028103,0.4806,0.25,0.0,2.2327308141035904
/home/omen_pc1/ava/images/947139.jpg,0.09048310291858677,0.411,1.0,1.0,11.051787214898694
/home/omen_pc1/ava/images/214474.jpg,0.05154538370708693,0.186,0.0,0.0,0.0
/home/omen_pc1/ava/images/913387.jpg,0.09989643463497452,0.3906,0.6666666666666666,0.0,6.673578182271396
/home/omen_pc1/ava/images/442655.jpg,0.0894156094057538,0.3698,0.0,0.0,0.0
/home/omen_pc1/ava/images/857358.jpg,0.09326388673841407,0.4275,0.5,1.0,5.361131918106702
/home/omen_pc1/ava/images/757844.jpg,0.11314964748665153,0.5347,1.0,1.0,8.837853428734471
/home/omen_pc1/ava/images/131875.jpg,0.10970957062600321,0.3599,1.0,1.0,9.114975059094629
/home/omen_pc1/ava/images/803087.jpg,0.09848611111111111,0.4118,0.25,1.0,2.5384289945000704
/home/omen_pc1/ava/images/524152.jpg,0.0750481626530208,0.3434,0.5,1.0,6.662388289393707
/home/omen_pc1/ava/images/708090.jpg,0.13628125,0.5186,1.0,1.0,7.337766567301078
/home/omen_pc1/ava/images/202988.jpg,0.0778717391304348,0.3154,1.0,1.0,12.841629211914796
/home/omen_pc1/ava/images/394171.jpg,0.052787284482758615,0.2539,0.0,0.0,0.0
/home/omen_pc1/ava/images/285311.jpg,0.059273658002167905,0.2197,0.0,0.0,0.0
/home/omen_pc1/ava/images/437448.jpg,0.09391736881048782,0.4097,0.5,1.0,5.323828875667614
/home/omen_pc1/ava/images/869987.jpg,0.1261372626329042,0.4795,0.5,1.0,3.963935712281502
/home/omen_pc1/ava/images/756757.jpg,0.0881516022674168,0.369,1.0,1.0,11.344093292444065
/home/omen_pc1/ava/images/223003.jpg,0.09263692360143043,0.336,0.0,0.0,0.0
/home/omen_pc1/ava/images/84787.jpg,0.07696158778961656,0.3244,1.0,1.0,12.993494920266148
/home/omen_pc1/ava/images/435009.jpg,0.09056734153470622,0.4131,1.0,1.0,11.041507711880788
/home/omen_pc1/ava/images/287266.jpg,0.05309673483461978,0.2119,0.0,0.0,0.0
/home/omen_pc1/ava/images/10906.jpg,0.11232200096752923,0.4682,0.0,0.0,0.0
/home/omen_pc1/ava/images/372785.jpg,0.10480403645833333,0.4126,1.0,1.0,9.541617229576529
/home/omen_pc1/ava/images/8513.jpg,0.08575260416666666,0.2806,1.0,1.0,11.661453430107201
/home/omen_pc1/ava/images/340445.jpg,0.04071207430340557,0.1711,0.6666666666666666,1.0,16.375158428390368
/home/omen_pc1/ava/images/203153.jpg,0.09549898906982769,0.364,0.5,1.0,5.23565751711158
/home/omen_pc1/ava/images/374509.jpg,0.07614510322590948,0.297,0.0,0.0,0.0
/home/omen_pc1/ava/images/576480.jpg,0.07535896543725354,0.2734,0.75,1.0,9.95236592817182
/home/omen_pc1/ava/images/816164.jpg,0.0630498082517523,0.2046,1.0,1.0,15.860476466591122
/home/omen_pc1/ava/images/949283.jpg,0.10968312499999999,0.3536,1.0,1.0,9.117172764725659
/home/omen_pc1/ava/images/318334.jpg,0.056962890625,0.1796,0.5,1.0,8.777644436824962
/home/omen_pc1/ava/images/909282.jpg,0.042218574108818005,0.1724,0.0,0.0,0.0
/home/omen_pc1/ava/images/257093.jpg,0.09408261649773858,0.336,1.0,1.0,10.628956094392173
/home/omen_pc1/ava/images/55678.jpg,0.10468589743589743,0.4232,1.0,1.0,9.55238503459678
/home/omen_pc1/ava/images/812916.jpg,0.04751177461311742,0.2234,0.0,0.0,0.0
/home/omen_pc1/ava/images/78337.jpg,0.10221093749999999,0.4568,1.0,1.0,9.783688756401439
/home/omen_pc1/ava/images/715274.jpg,0.11666614317362234,0.42,1.0,1.0,8.57146703231461
/home/omen_pc1/ava/images/956859.jpg,0.11225853921617779,0.4384,0.3333333333333333,0.0,2.969336102721137
/home/omen_pc1/ava/images/657031.jpg,0.10137367963288965,0.4652,0.0,0.0,0.0
/home/omen_pc1/ava/images/99507.jpg,0.11000784041305782,0.4211,0.25,1.0,2.2725652922673434
/home/omen_pc1/ava/images/697063.jpg,0.10494502997747487,0.4853,0.0,0.0,0.0
/home/omen_pc1/ava/images/802475.jpg,0.11336265432098766,0.4515,1.0,1.0,8.821247226343946
/home/omen_pc1/ava/images/504558.jpg,0.10018316142278091,0.4332,1.0,1.0,9.981717344493855
/home/omen_pc1/ava/images/726888.jpg,0.10221093750000002,0.4707,0.5,1.0,4.891844378200718
/home/omen_pc1/ava/images/11204.jpg,0.11041946447812605,0.4223,0.5,0.0,4.528187148553409
/home/omen_pc1/ava/images/126453.jpg,0.09230135182584269,0.4273,0.5,0.0,5.4170387552223165
/home/omen_pc1/ava/images/688389.jpg,0.10902500483989722,0.4756,0.5,1.0,4.58610390097435
/home/omen_pc1/ava/images/829430.jpg,0.10080729166666666,0.3755,1.0,1.0,9.919917334022218
/home/omen_pc1/ava/images/181116.jpg,0.11040039062499998,0.4927,1.0,1.0,9.057938965059709
/home/omen_pc1/ava/images/892479.jpg,0.05836541666666667,0.2655,0.0,0.0,0.0
/home/omen_pc1/ava/images/491935.jpg,0.11591898932824977,0.4066,1.0,1.0,8.62671427515886
/home/omen_pc1/ava/images/3973.jpg,0.11503484172754037,0.5124,0.0,0.0,0.0
/home/omen_pc1/ava/images/817699.jpg,0.10080729166666665,0.3951,0.25,1.0,2.4799793335055544
/home/omen_pc1/ava/images/793812.jpg,0.07749194964871195,0.2542,1.0,1.0,12.90456627473202
/home/omen_pc1/ava/images/689730.jpg,0.07975150517146225,0.3823,0.5,0.0,6.269474148795335
/home/omen_pc1/ava/images/650819.jpg,0.11645128622977537,0.4656,1.0,1.0,8.587281707020859
/home/omen_pc1/ava/images/151106.jpg,0.07003124999999998,0.2896,0.25,1.0,3.5698348951361014
/home/omen_pc1/ava/images/60272.jpg,0.09450378859186748,0.4524,0.0,0.0,0.0
/home/omen_pc1/ava/images/59137.jpg,0.08998538674729148,0.2601,0.5,1.0,5.556457754681482
/home/omen_pc1/ava/images/772565.jpg,0.058848019931433126,0.175,1.0,1.0,16.992925185335917
/home/omen_pc1/ava/images/255552.jpg,0.08518945312500001,0.2972,0.0,0.0,0.0
/home/omen_pc1/ava/images/759342.jpg,0.08054633371824482,0.2978,0.0,0.0,0.0
/home/omen_pc1/ava/images/905341.jpg,0.09033374995078966,0.4232,0.5,1.0,5.535029822988426
/home/omen_pc1/ava/images/824766.jpg,0.0918268656716418,0.3479,0.6666666666666666,1.0,7.260039442602343
/home/omen_pc1/ava/images/263445.jpg,0.10975926189255625,0.4645,0.5,0.0,4.555424220048526
/home/omen_pc1/ava/images/22754.jpg,0.0951015625,0.3339,0.6666666666666666,0.0,7.010049563241052
/home/omen_pc1/ava/images/18038.jpg,0.06855349722991688,0.1938,0.5,1.0,7.293573926988498
/home/omen_pc1/ava/images/34484.jpg,0.09063540359559612,0.3815,1.0,1.0,11.033216164203068
/home/omen_pc1/ava/images/477163.jpg,0.09026078935599285,0.365,0.25,1.0,2.7697519796108594
/home/omen_pc1/ava/images/177.jpg,0.10076171874999999,0.3536,1.0,1.0,9.924403954254702
/home/omen_pc1/ava/images/551820.jpg,0.05439524737770353,0.18,1.0,1.0,18.3839590443686
/home/omen_pc1/ava/images/666441.jpg,0.10330898217221962,0.3716,1.0,1.0,9.679700438176475
/home/omen_pc1/ava/images/737982.jpg,0.10095627956196665,0.4074,0.6666666666666666,0.0,6.603518568228029
/home/omen_pc1/ava/images/37760.jpg,0.10613211914439964,0.439,0.5,1.0,4.71110917251843
/home/omen_pc1/ava/images/384369.jpg,0.13044001351005743,0.4568,1.0,1.0,7.666359218238628
/home/omen_pc1/ava/images/236273.jpg,0.050178153434518404,0.1694,1.0,1.0,19.92899163387872
/home/omen_pc1/ava/images/189331.jpg,0.10549663971893004,0.4163,1.0,1.0,9.478974900662761
/home/omen_pc1/ava/images/674930.jpg,0.09085416666666665,0.3444,1.0,1.0,11.006649850951618
/home/omen_pc1/ava/images/699248.jpg,0.09423324909377521,0.322,0.25,1.0,2.6529914059443622
/home/omen_pc1/ava/images/454268.jpg,0.11556012292014026,0.4284,0.5,1.0,4.326752060877724
/home/omen_pc1/ava/images/741478.jpg,0.11005497128263972,0.3943,1.0,1.0,9.086368278919736
/home/omen_pc1/ava/images/203816.jpg,0.09851953124999999,0.3667,0.0,0.0,0.0
/home/omen_pc1/ava/images/103738.jpg,0.0963170402381273,0.343,1.0,1.0,10.382378834811288
/home/omen_pc1/ava/images/286907.jpg,0.0828076923076923,0.3162,1.0,1.0,12.076172782164422
/home/omen_pc1/ava/images/415113.jpg,0.10057295000721023,0.4403,0.5,1.0,4.971515700435895
/home/omen_pc1/ava/images/479681.jpg,0.09063540693345631,0.356,0.5,1.0,5.5166078789395785
/home/omen_pc1/ava/images/593479.jpg,0.09776615969581748,0.3328,0.5,0.0,5.114244044725329
/home/omen_pc1/ava/images/13691.jpg,0.12301313808447038,0.4683,0.0,0.0,0.0
/home/omen_pc1/ava/images/807744.jpg,0.10259790757822285,0.4569,0.5,1.0,4.873393734845804
/home/omen_pc1/ava/images/529139.jpg,0.12331863786308003,0.484,1.0,1.0,8.10907432427444
/home/omen_pc1/ava/images/938545.jpg,0.07341646779158745,0.2399,1.0,1.0,13.620922254646889
/home/omen_pc1/ava/images/681616.jpg,0.09233926005747126,0.4441,1.0,1.0,10.829629773701972
/home/omen_pc1/ava/images/75064.jpg,0.08739185533528136,0.4382,0.5,1.0,5.721356962633825
/home/omen_pc1/ava/images/189044.jpg,0.11436977882652768,0.4685,1.0,1.0,8.743568539349605
/home/omen_pc1/ava/images/326128.jpg,0.13485553816711188,0.5262,0.75,1.0,5.56150685536256
/home/omen_pc1/ava/images/802906.jpg,0.0581769547325103,0.1771,0.0,0.0,0.0
/home/omen_pc1/ava/images/858959.jpg,0.10423538630377835,0.4083,1.0,1.0,9.593670973556431
/home/omen_pc1/ava/images/836040.jpg,0.0912180211894825,0.3742,0.0,0.0,0.0
/home/omen_pc1/ava/images/463754.jpg,0.11725668176527948,0.4218,0.25,1.0,2.1320746607894097
/home/omen_pc1/ava/images/723473.jpg,0.11189188809126693,0.4772,0.0,0.0,0.0
/home/omen_pc1/ava/images/468049.jpg,0.09108672468689202,0.4124,1.0,1.0,10.97854822903635
/home/omen_pc1/ava/images/653256.jpg,0.08433998064081251,0.2884,1.0,1.0,11.856772937366497
/home/omen_pc1/ava/images/101113.jpg,0.05570338193876254,0.2358,0.0,0.0,0.0
/home/omen_pc1/ava/images/103565.jpg,0.09931473958431153,0.4113,1.0,1.0,10.068998863467465
/home/omen_pc1/ava/images/93170.jpg,0.10624414062500001,0.4493,1.0,1.0,9.41228376564884
/home/omen_pc1/ava/images/848861.jpg,0.09758847366523055,0.3351,1.0,1.0,10.247111799600637
/home/omen_pc1/ava/images/768970.jpg,0.10786490478168961,0.4189,0.25,0.0,2.317714000730646
/home/omen_pc1/ava/images/676642.jpg,0.11441342751854333,0.455,0.0,0.0,0.0
/home/omen_pc1/ava/images/784291.jpg,0.041461728060786476,0.1428,0.0,0.0,0.0
/home/omen_pc1/ava/images/510882.jpg,0.05347402389008118,0.1857,0.0,0.0,0.0
/home/omen_pc1/ava/images/33319.jpg,0.0838990695128626,0.3747,0.0,0.0,0.0
/home/omen_pc1/ava/images/568402.jpg,0.12106823991361555,0.4879,1.0,1.0,8.259804559094265
/home/omen_pc1/ava/images/318790.jpg,0.10100285537750978,0.316,0.5,1.0,4.950355097696917
/home/omen_pc1/ava/images/701913.jpg,0.08968984405282554,0.3616,0.3333333333333333,0.0,3.7165114607291168
/home/omen_pc1/ava/images/206129.jpg,0.042587499999999986,0.2072,0.0,0.0,0.0
/home/omen_pc1/ava/images/758301.jpg,0.06862354108903976,0.3106,0.0,0.0,0.0
/home/omen_pc1/ava/images/932708.jpg,0.09626000311760256,0.4526,0.0,0.0,0.0
/home/omen_pc1/ava/images/938200.jpg,0.09437875390827548,0.4407,0.6666666666666666,1.0,7.063736689240297
/home/omen_pc1/ava/images/22477.jpg,0.10066802833896202,0.3519,0.0,0.0,0.0
/home/omen_pc1/ava/images/638863.jpg,0.050429226198329305,0.2212,0.5,1.0,9.914885428413827
/home/omen_pc1/ava/images/391998.jpg,0.07237309283088236,0.3397,0.0,0.0,0.0
/home/omen_pc1/ava/images/632611.jpg,0.11141565419506214,0.428,0.0,0.0,0.0
/home/omen_pc1/ava/images/138381.jpg,0.1048539992283339,0.4818,1.0,1.0,9.537070663583975
/home/omen_pc1/ava/images/349745.jpg,0.09005513418569908,0.3588,0.0,0.0,0.0
/home/omen_pc1/ava/images/389860.jpg,0.10207421874999997,0.4786,1.0,1.0,9.79679308101489
/home/omen_pc1/ava/images/428780.jpg,0.07835059812964659,0.3694,0.0,0.0,0.0
/home/omen_pc1/ava/images/821563.jpg,0.11173985892541671,0.4722,0.0,0.0,0.0
/home/omen_pc1/ava/images/906884.jpg,0.10253999999999999,0.3974,0.3333333333333333,1.0,3.2507639295234383
/home/omen_pc1/ava/images/618439.jpg,0.07517344847775177,0.2501,1.0,1.0,13.302569194972591
/home/omen_pc1/ava/images/468532.jpg,0.13373576648817423,0.4987,0.6666666666666666,1.0,4.984954168753484
/home/omen_pc1/ava/images/832560.jpg,0.06198693637700721,0.2501,0.0,0.0,0.0
/home/omen_pc1/ava/images/635010.jpg,0.12289302884615383,0.5303,0.0,0.0,0.0
/home/omen_pc1/ava/images/803639.jpg,0.03390966715032888,0.1581,0.0,0.0,0.0
/home/omen_pc1/ava/images/773161.jpg,0.1075185185185185,0.4371,0.0,0.0,0.0
/home/omen_pc1/ava/images/221924.jpg,0.08982666666666665,0.4191,0.5,0.0,5.566275790411163
/home/omen_pc1/ava/images/13419.jpg,0.04491276041666666,0.1982,0.0,0.0,0.0
/home/omen_pc1/ava/images/637904.jpg,0.13825856854838708,0.5793,0.0,0.0,0.0
/home/omen_pc1/ava/images/483279.jpg,0.10531271802820119,0.3927,1.0,1.0,9.495529302854141
/home/omen_pc1/ava/images/32911.jpg,0.1063153277353052,0.385,1.0,1.0,9.405981445024693
/home/omen_pc1/ava/images/32906.jpg,0.13241417201186303,0.4914,1.0,1.0,7.552061722746789
/home/omen_pc1/ava/images/943081.jpg,0.08113818045162648,0.351,0.5,1.0,6.162326998423307
/home/omen_pc1/ava/images/671214.jpg,0.05811099796334013,0.1878,0.0,0.0,0.0
/home/omen_pc1/ava/images/445475.jpg,0.0964103229813229,0.343,0.5,1.0,5.186166631729494
/home/omen_pc1/ava/images/753188.jpg,0.10274399425690095,0.3917,1.0,1.0,9.73292898755329
/home/omen_pc1/ava/images/291034.jpg,0.09113935917308096,0.3613,0.5,0.0,5.486103967995429
/home/omen_pc1/ava/images/511786.jpg,0.05019558823529412,0.2129,0.0,0.0,0.0
/home/omen_pc1/ava/images/776358.jpg,0.07682511737089204,0.2836,0.0,0.0,0.0
/home/omen_pc1/ava/images/43716.jpg,0.10163701447774473,0.4432,1.0,1.0,9.838935206218283
/home/omen_pc1/ava/images/11086.jpg,0.0927638888888889,0.309,0.0,0.0,0.0
/home/omen_pc1/ava/images/612512.jpg,0.10779716354847997,0.423,1.0,1.0,9.276681937463659
/home/omen_pc1/ava/images/750501.jpg,0.09945095753302947,0.4345,1.0,1.0,10.055207358540331
/home/omen_pc1/ava/images/827619.jpg,0.09539049243614316,0.3801,1.0,1.0,10.48322505169397
/home/omen_pc1/ava/images/955674.jpg,0.09025771769462095,0.386,0.0,0.0,0.0
/home/omen_pc1/ava/images/719287.jpg,0.07872873108445147,0.3118,0.0,0.0,0.0
/home/omen_pc1/ava/images/170211.jpg,0.05298466780238501,0.1903,0.25,0.0,4.718346087068356
/home/omen_pc1/ava/images/288145.jpg,0.09488855892965484,0.335,1.0,1.0,10.538678332562148
/home/omen_pc1/ava/images/917443.jpg,0.08060983853407516,0.2842,0.5,1.0,6.202716803466135
/home/omen_pc1/ava/images/339891.jpg,0.07579028845619233,0.3426,0.0,0.0,0.0
/home/omen_pc1/ava/images/430588.jpg,0.10699823607714534,0.389,0.5,0.0,4.672974231458375
/home/omen_pc1/ava/images/183935.jpg,0.13388302034428792,0.4761,1.0,1.0,7.469207054251108
/home/omen_pc1/ava/images/217653.jpg,0.11279896253818378,0.4757,0.3333333333333333,1.0,2.955109921516309
/home/omen_pc1/ava/images/770581.jpg,0.11234516878160476,0.4969,1.0,1.0,8.90113932664044
/home/omen_pc1/ava/images/864701.jpg,0.05836541666666669,0.2844,0.0,0.0,0.0
/home/omen_pc1/ava/images/77651.jpg,0.10405338541666667,0.4665,0.5,1.0,4.805225682930186
/home/omen_pc1/ava/images/673141.jpg,0.09077133169340112,0.3475,0.5,1.0,5.508347081310353
/home/omen_pc1/ava/images/150972.jpg,0.13053240410450245,0.469,0.25,1.0,1.9152332458372054
/home/omen_pc1/ava/images/145786.jpg,0.11763568973990454,0.42,1.0,1.0,8.500821495678949
/home/omen_pc1/ava/images/523073.jpg,0.09033762104253817,0.448,1.0,1.0,11.069585278641775
/home/omen_pc1/ava/images/887031.jpg,0.09048000000000002,0.3123,0.25,1.0,2.7630415561450037
/home/omen_pc1/ava/images/375886.jpg,0.101422725486302,0.4109,0.75,1.0,7.394792403811844
/home/omen_pc1/ava/images/94074.jpg,0.10902500483989722,0.4184,0.75,1.0,6.879155851461525
/home/omen_pc1/ava/images/445633.jpg,0.047324588477366245,0.2282,0.0,0.0,0.0
/home/omen_pc1/ava/images/845686.jpg,0.11234780841639172,0.41,1.0,1.0,8.900930192547472
/home/omen_pc1/ava/images/9470.jpg,0.1049716503468956,0.3765,0.5,0.0,4.763190807686362
/home/omen_pc1/ava/images/438084.jpg,0.10254,0.4287,0.0,0.0,0.0
/home/omen_pc1/ava/images/766318.jpg,0.11982588957474971,0.4849,0.0,0.0,0.0
/home/omen_pc1/ava/images/626594.jpg,0.05086099835354736,0.2457,0.0,0.0,0.0
/home/omen_pc1/ava/images/600468.jpg,0.03754306102362204,0.1451,1.0,1.0,26.636080616090453
/home/omen_pc1/ava/images/696315.jpg,0.05463024599645858,0.2616,0.0,0.0,0.0
/home/omen_pc1/ava/images/581199.jpg,0.09070346565648604,0.3385,1.0,1.0,11.024937060147401
/home/omen_pc1/ava/images/801903.jpg,0.09159561038340128,0.2978,0.0,0.0,0.0
/home/omen_pc1/ava/images/6937.jpg,0.10221093750000002,0.4106,0.6666666666666666,1.0,6.52245917093429
/home/omen_pc1/ava/images/854123.jpg,0.10651470501176923,0.3816,1.0,1.0,9.388375059476587
/home/omen_pc1/ava/images/593594.jpg,0.08948546079241844,0.366,0.0,0.0,0.0
/home/omen_pc1/ava/images/120408.jpg,0.044358127934272296,0.1832,0.0,0.0,0.0
/home/omen_pc1/ava/images/890335.jpg,0.08626041666666667,0.3452,0.0,0.0,0.0
/home/omen_pc1/ava/images/368930.jpg,0.098250606040899,0.3595,1.0,1.0,10.178054266492033
/home/omen_pc1/ava/images/482757.jpg,0.1016130204418096,0.4246,0.25,0.0,2.4603146222109076
/home/omen_pc1/ava/images/405.jpg,0.07191080729166667,0.2456,0.0,0.0,0.0
/home/omen_pc1/ava/images/294887.jpg,0.08860807922092298,0.3556,0.25,1.0,2.8214131510139726
/home/omen_pc1/ava/images/232772.jpg,0.09618014781074191,0.4416,1.0,1.0,10.397155990732577
/home/omen_pc1/ava/images/561640.jpg,0.09587833333333333,0.4467,0.5,0.0,5.214942548716255
/home/omen_pc1/ava/images/579574.jpg,0.08875502670494914,0.3671,0.0,0.0,0.0
/home/omen_pc1/ava/images/500553.jpg,0.10285893953010565,0.348,0.0,0.0,0.0
/home/omen_pc1/ava/images/91582.jpg,0.05593969555035129,0.186,0.0,0.0,0.0
/home/omen_pc1/ava/images/124453.jpg,0.1106351728017619,0.4617,1.0,1.0,9.038716844523018
/home/omen_pc1/ava/images/599328.jpg,0.11137789105643889,0.4124,0.6666666666666666,1.0,5.985628389469544
/home/omen_pc1/ava/images/797849.jpg,0.057434567964356774,0.2796,0.0,0.0,0.0
/home/omen_pc1/ava/images/426944.jpg,0.09046864683582266,0.4327,1.0,1.0,11.05355319191126
/home/omen_pc1/ava/images/289349.jpg,0.09091952795492031,0.3542,1.0,1.0,10.998737262426392
/home/omen_pc1/ava/images/903495.jpg,0.10420080652822865,0.4056,1.0,1.0,9.596854701207075
/home/omen_pc1/ava/images/374972.jpg,0.04307896205357142,0.1925,0.0,0.0,0.0
/home/omen_pc1/ava/images/464342.jpg,0.09228825378902522,0.4048,0.0,0.0,0.0
/home/omen_pc1/ava/images/479849.jpg,0.10018385506003431,0.377,0.0,0.0,0.0
/home/omen_pc1/ava/images/295607.jpg,0.10214257812500001,0.452,0.5,1.0,4.895118266822188
/home/omen_pc1/ava/images/890409.jpg,0.09090120888215268,0.338,0.3333333333333333,1.0,3.6669846026522883
/home/omen_pc1/ava/images/687656.jpg,0.10078122775487826,0.4395,0.75,1.0,7.441862107734609
/home/omen_pc1/ava/images/858634.jpg,0.0868349644128114,0.299,1.0,1.0,11.516098460592708
/home/omen_pc1/ava/images/207295.jpg,0.09708183020937632,0.4384,1.0,1.0,10.30058866672889
/home/omen_pc1/ava/images/448182.jpg,0.09355681818181819,0.3382,1.0,1.0,10.688691849872464
/home/omen_pc1/ava/images/851343.jpg,0.07396640082408996,0.3709,0.5,0.0,6.759826007880541
/home/omen_pc1/ava/images/693794.jpg,0.11006860360624457,0.488,1.0,1.0,9.085242905209952
/home/omen_pc1/ava/images/689771.jpg,0.10962186584454096,0.4419,0.3333333333333333,1.0,3.040755881732996
/home/omen_pc1/ava/images/41954.jpg,0.06659637721238937,0.2029,0.5,1.0,7.5079159096807695
/home/omen_pc1/ava/images/88440.jpg,0.043859049479166655,0.1631,0.0,0.0,0.0
/home/omen_pc1/ava/images/107287.jpg,0.1091031776197862,0.49,0.0,0.0,0.0
/home/omen_pc1/ava/images/919089.jpg,0.04289321606163736,0.1905,0.0,0.0,0.0
/home/omen_pc1/ava/images/832370.jpg,0.0705802260437858,0.2203,0.0,0.0,0.0
/home/omen_pc1/ava/images/846650.jpg,0.12423494185059936,0.508,1.0,1.0,8.04926524779611
/home/omen_pc1/ava/images/934559.jpg,0.10902500000000001,0.4404,1.0,1.0,9.172208209126346
/home/omen_pc1/ava/images/101821.jpg,0.11320312499999999,0.4958,0.0,0.0,0.0
/home/omen_pc1/ava/images/71313.jpg,0.09073416666666666,0.3305,0.25,1.0,2.755301659610033
/home/omen_pc1/ava/images/835436.jpg,0.07813180555555556,0.3238,0.5,1.0,6.399442537450071
/home/omen_pc1/ava/images/914128.jpg,0.09060474137931034,0.259,0.0,0.0,0.0
/home/omen_pc1/ava/images/665824.jpg,0.07994666994911417,0.3772,1.0,1.0,12.508338379028134
/home/omen_pc1/ava/images/829824.jpg,0.06802957024922157,0.2915,0.0,0.0,0.0
/home/omen_pc1/ava/images/681156.jpg,0.0907034664909511,0.3422,1.0,1.0,11.024936958718811
/home/omen_pc1/ava/images/48009.jpg,0.12292501246468909,0.4382,0.25,1.0,2.0337602167973254
/home/omen_pc1/ava/images/373014.jpg,0.07926241619636268,0.28,1.0,1.0,12.616319915388722
/home/omen_pc1/ava/images/49865.jpg,0.10263894700585349,0.3946,1.0,1.0,9.742890288449374
/home/omen_pc1/ava/images/120674.jpg,0.09631704006862662,0.4325,1.0,1.0,10.382378853082407
/home/omen_pc1/ava/images/825761.jpg,0.08547759856630825,0.3087,0.0,0.0,0.0
/home/omen_pc1/ava/images/682022.jpg,0.09084123529262154,0.3818,0.0,0.0,0.0
/home/omen_pc1/ava/images/808303.jpg,0.09175501145475373,0.3414,1.0,1.0,10.898587272185349
/home/omen_pc1/ava/images/26957.jpg,0.09122139764996909,0.28,0.0,0.0,0.0
/home/omen_pc1/ava/images/648932.jpg,0.09106774400855015,0.282,1.0,1.0,10.980836418942278
/home/omen_pc1/ava/images/86518.jpg,0.09060977479840673,0.329,1.0,1.0,11.036336887767916
/home/omen_pc1/ava/images/614462.jpg,0.09822411275409731,0.4355,0.0,0.0,0.0
/home/omen_pc1/ava/images/10922.jpg,0.04967643229166666,0.2255,0.0,0.0,0.0
/home/omen_pc1/ava/images/711796.jpg,0.06603251952432757,0.3013,0.0,0.0,0.0
/home/omen_pc1/ava/images/913066.jpg,0.09086566418950165,0.3758,1.0,1.0,11.005257144376182
/home/omen_pc1/ava/images/800920.jpg,0.11882779686903397,0.5204,1.0,1.0,8.415539346422031
/home/omen_pc1/ava/images/420192.jpg,0.14533661766021339,0.5005,1.0,1.0,6.880578453655282
/home/omen_pc1/ava/images/432093.jpg,0.09837000363372092,0.409,1.0,1.0,10.165700549564717
/home/omen_pc1/ava/images/648092.jpg,0.09745421245421246,0.3417,1.0,1.0,10.261229092275888
/home/omen_pc1/ava/images/10592.jpg,0.09185851848061911,0.3444,0.5,1.0,5.4431533217628925
/home/omen_pc1/ava/images/924528.jpg,0.13666499999999998,0.5538,0.0,0.0,0.0
/home/omen_pc1/ava/images/492646.jpg,0.09056734236917123,0.4494,0.0,0.0,0.0
/home/omen_pc1/ava/images/377360.jpg,0.08319565850815851,0.3099,0.5,1.0,6.009928991077917
/home/omen_pc1/ava/images/782303.jpg,0.056913439362082464,0.2595,0.0,0.0,0.0
/home/omen_pc1/ava/images/325128.jpg,0.09425393333435067,0.32,0.3333333333333333,1.0,3.5365456012417744
/home/omen_pc1/ava/images/104849.jpg,0.1041340908232274,0.3784,0.5,1.0,4.801501564447073
/home/omen_pc1/ava/images/673353.jpg,0.053120028409090914,0.2399,0.25,0.0,4.706322784217774
/home/omen_pc1/ava/images/451780.jpg,0.12367439141467415,0.399,0.6666666666666666,1.0,5.390498865940372
/home/omen_pc1/ava/images/581709.jpg,0.08960943212486872,0.4106,1.0,1.0,11.159539529349127
/home/omen_pc1/ava/images/448735.jpg,0.12166475487955804,0.4912,0.6666666666666666,1.0,5.479538156523908
/home/omen_pc1/ava/images/803061.jpg,0.07003124999999999,0.3007,1.0,1.0,14.279339580544402
/home/omen_pc1/ava/images/32182.jpg,0.06938370881963163,0.2952,0.0,0.0,0.0
/home/omen_pc1/ava/images/730250.jpg,0.0909660761102725,0.3735,1.0,1.0,10.993109110123232
/home/omen_pc1/ava/images/39301.jpg,0.08756941516799652,0.3692,1.0,1.0,11.41951214452628
/home/omen_pc1/ava/images/482756.jpg,0.10195616754268508,0.4641,1.0,1.0,9.808136418832524
/home/omen_pc1/ava/images/921222.jpg,0.10270626325976129,0.4594,0.3333333333333333,0.0,3.245501518152575
/home/omen_pc1/ava/images/106096.jpg,0.06283096280087527,0.2203,1.0,1.0,15.915719820643421
/home/omen_pc1/ava/images/721524.jpg,0.07604676871903941,0.2752,1.0,1.0,13.149802639144028
/home/omen_pc1/ava/images/782602.jpg,0.04690380658436214,0.1638,0.0,0.0,0.0
/home/omen_pc1/ava/images/612967.jpg,0.09060976812268641,0.329,0.75,1.0,8.2772532756567
/home/omen_pc1/ava/images/387908.jpg,0.08693335600694332,0.4183,0.0,0.0,0.0
/home/omen_pc1/ava/images/273108.jpg,0.09162332878765544,0.3664,0.25,0.0,2.7285627285971614
/home/omen_pc1/ava/images/198384.jpg,0.08794730392156863,0.3629,0.0,0.0,0.0
/home/omen_pc1/ava/images/769814.jpg,0.09042322746042938,0.3669,0.6666666666666666,0.0,7.372736910528994
/home/omen_pc1/ava/images/737911.jpg,0.09079340277777778,0.3672,0.25,1.0,2.753504025087481
/home/omen_pc1/ava/images/902732.jpg,0.04962386209724098,0.2108,0.0,0.0,0.0
/home/omen_pc1/ava/images/180415.jpg,0.06061312895432147,0.2649,0.0,0.0,0.0
/home/omen_pc1/ava/images/474926.jpg,0.09155517333521924,0.4464,0.0,0.0,0.0
/home/omen_pc1/ava/images/897725.jpg,0.058655846774193554,0.2556,0.5,0.0,8.52429940914231
/home/omen_pc1/ava/images/440517.jpg,0.1055549661001284,0.4036,1.0,1.0,9.473737114854547
/home/omen_pc1/ava/images/467208.jpg,0.11326175303897199,0.4432,1.0,1.0,8.829105794044281
/home/omen_pc1/ava/images/197938.jpg,0.09063540359559612,0.4012,0.5,0.0,5.516608082101534
/home/omen_pc1/ava/images/651642.jpg,0.05679171650450834,0.2598,0.5,1.0,8.804100857918392
/home/omen_pc1/ava/images/33119.jpg,0.1156174172794118,0.4725,1.0,1.0,8.649215866700317
/home/omen_pc1/ava/images/24881.jpg,0.04956358820921364,0.2224,0.5,1.0,10.088050887063345
/home/omen_pc1/ava/images/93440.jpg,0.13020133196721315,0.4862,0.25,0.0,1.9201032448957907
/home/omen_pc1/ava/images/604120.jpg,0.10143259447674417,0.3849,1.0,1.0,9.858763892993723
/home/omen_pc1/ava/images/897622.jpg,0.06865371669883805,0.3059,0.5,1.0,7.282926898092648
/home/omen_pc1/ava/images/522425.jpg,0.0850269036501856,0.3249,1.0,1.0,11.760983371970845
/home/omen_pc1/ava/images/4578.jpg,0.11333984374999999,0.4593,1.0,1.0,8.823022574530416
/home/omen_pc1/ava/images/11656.jpg,0.09723728437340054,0.3533,0.0,0.0,0.0
/home/omen_pc1/ava/images/234168.jpg,0.08353644301470589,0.3205,1.0,1.0,11.97082331867971
/home/omen_pc1/ava/images/811715.jpg,0.11869278340399589,0.427,1.0,1.0,8.425112052485023
/home/omen_pc1/ava/images/356270.jpg,0.047017578124999994,0.1603,1.0,1.0,21.268641216300423
/home/omen_pc1/ava/images/805385.jpg,0.08187939110070257,0.2795,0.25,1.0,3.0532713621737577
/home/omen_pc1/ava/images/717657.jpg,0.09019296945088306,0.384,1.0,1.0,11.087338692674667
/home/omen_pc1/ava/images/736991.jpg,0.07882090688897171,0.3604,1.0,1.0,12.6869892706083
/home/omen_pc1/ava/images/735622.jpg,0.06902462145778968,0.3088,0.0,0.0,0.0
/home/omen_pc1/ava/images/807545.jpg,0.06570706565239257,0.2896,0.5,0.0,7.609531715282034
/home/omen_pc1/ava/images/383780.jpg,0.049959584295612015,0.1371,1.0,1.0,20.01617935975962
/home/omen_pc1/ava/images/953195.jpg,0.07087920454545454,0.3166,0.0,0.0,0.0
/home/omen_pc1/ava/images/253303.jpg,0.05608160336202437,0.2555,0.0,0.0,0.0
/home/omen_pc1/ava/images/328710.jpg,0.09836812026707112,0.4326,1.0,1.0,10.16589518316486
/home/omen_pc1/ava/images/431003.jpg,0.09427244316658503,0.4132,1.0,1.0,10.607553664785586
/home/omen_pc1/ava/images/479615.jpg,0.12571768418085244,0.49,1.0,1.0,7.954330423088608
/home/omen_pc1/ava/images/387498.jpg,0.09327718506950541,0.4348,0.0,0.0,0.0
/home/omen_pc1/ava/images/768939.jpg,0.1042891965749871,0.4896,0.0,0.0,0.0
/home/omen_pc1/ava/images/384153.jpg,0.08764955001001937,0.3476,0.0,0.0,0.0
/home/omen_pc1/ava/images/24241.jpg,0.10221093750000002,0.396,1.0,1.0,9.783688756401435
/home/omen_pc1/ava/images/785853.jpg,0.0729249480460961,0.2748,0.0,0.0,0.0
/home/omen_pc1/ava/images/808058.jpg,0.09073263888888888,0.4227,1.0,1.0,11.021392216141749
/home/omen_pc1/ava/images/669836.jpg,0.0834168170443165,0.2538,0.0,0.0,0.0
/home/omen_pc1/ava/images/13475.jpg,0.09349597337822227,0.3833,1.0,1.0,10.695647778912017
/home/omen_pc1/ava/images/254361.jpg,0.110619140625,0.4107,1.0,1.0,9.040026837579674
/home/omen_pc1/ava/images/805852.jpg,0.06856481481481483,0.3014,0.0,0.0,0.0
/home/omen_pc1/ava/images/136190.jpg,0.08022800872553641,0.3538,0.25,0.0,3.1161187217703623
/home/omen_pc1/ava/images/5354.jpg,0.09790104166666667,0.3468,0.5,0.0,5.107197957120817
/home/omen_pc1/ava/images/263128.jpg,0.058360977149329266,0.2592,0.25,0.0,4.28368427348844
/home/omen_pc1/ava/images/246812.jpg,0.07095100680739583,0.3271,0.0,0.0,0.0
/home/omen_pc1/ava/images/734947.jpg,0.08566689863140804,0.4233,0.0,0.0,0.0
/home/omen_pc1/ava/images/470352.jpg,0.07618209220285445,0.2814,0.25,0.0,3.2816111079531733
/home/omen_pc1/ava/images/68760.jpg,0.13397931251263256,0.5504,0.0,0.0,0.0
/home/omen_pc1/ava/images/78001.jpg,0.10171592966807708,0.4046,0.0,0.0,0.0
/home/omen_pc1/ava/images/47535.jpg,0.10057078460038986,0.3498,0.3333333333333333,0.0,3.3144151619956754
/home/omen_pc1/ava/images/21435.jpg,0.10749227298206525,0.4308,0.25,0.0,2.3257485683804613
/home/omen_pc1/ava/images/956664.jpg,0.0545170413738106,0.1457,0.0,0.0,0.0
/home/omen_pc1/ava/images/801890.jpg,0.12096874258253339,0.4926,1.0,1.0,8.266598285236615
/home/omen_pc1/ava/images/927494.jpg,0.08488616865300166,0.3317,0.0,0.0,0.0
/home/omen_pc1/ava/images/756735.jpg,0.07777835648148149,0.2926,0.0,0.0,0.0
/home/omen_pc1/ava/images/374493.jpg,0.07419419642857142,0.3123,0.5,1.0,6.739071572550318
/home/omen_pc1/ava/images/170156.jpg,0.0890683624305332,0.3595,1.0,1.0,11.227331150046984
/home/omen_pc1/ava/images/842488.jpg,0.13666499999999998,0.5356,0.5,1.0,3.6585812022097834
/home/omen_pc1/ava/images/19828.jpg,0.09279944262165474,0.3816,1.0,1.0,10.775926791683661
/home/omen_pc1/ava/images/9615.jpg,0.12215325822799057,0.5004,0.5,1.0,4.09321869308459
/home/omen_pc1/ava/images/252212.jpg,0.06377213541666668,0.2848,0.0,0.0,0.0
/home/omen_pc1/ava/images/775118.jpg,0.08267227564102562,0.3998,0.3333333333333333,0.0,4.031984492367338
/home/omen_pc1/ava/images/881248.jpg,0.12268013742767263,0.4382,1.0,1.0,8.151278772324172
/home/omen_pc1/ava/images/69744.jpg,0.08948620152236171,0.4513,0.0,0.0,0.0
/home/omen_pc1/ava/images/745359.jpg,0.1195200892857143,0.427,1.0,1.0,8.366794285180688
/home/omen_pc1/ava/images/397613.jpg,0.10211774815507627,0.3781,0.0,0.0,0.0
/home/omen_pc1/ava/images/626466.jpg,0.09900931911797362,0.422,0.5,1.0,5.050029678562174
/home/omen_pc1/ava/images/735466.jpg,0.10074652777777778,0.3537,0.0,0.0,0.0
/home/omen_pc1/ava/images/135452.jpg,0.10670824054660485,0.3691,1.0,1.0,9.371347469301115
/home/omen_pc1/ava/images/662028.jpg,0.05426499999999999,0.2431,0.0,0.0,0.0
/home/omen_pc1/ava/images/29761.jpg,0.0691455078125,0.3214,0.0,0.0,0.0
/home/omen_pc1/ava/images/59914.jpg,0.10783007812499998,0.4171,1.0,1.0,9.27385027803438
/home/omen_pc1/ava/images/332229.jpg,0.12517880306603774,0.4467,0.0,0.0,0.0
/home/omen_pc1/ava/images/585469.jpg,0.05488656323185011,0.1574,1.0,1.0,18.21939544248437
/home/omen_pc1/ava/images/96566.jpg,0.10204925274311372,0.4192,1.0,1.0,9.799189833533397
/home/omen_pc1/ava/images/313829.jpg,0.10525142045454547,0.3899,1.0,1.0,9.501059422108856
/home/omen_pc1/ava/images/783849.jpg,0.09085411942554797,0.329,1.0,1.0,11.006655574043265
/home/omen_pc1/ava/images/762726.jpg,0.06249769297147171,0.305,0.0,0.0,0.0
/home/omen_pc1/ava/images/947724.jpg,0.13001926612724019,0.4732,1.0,1.0,7.691167853703884
/home/omen_pc1/ava/images/733463.jpg,0.047016203703703706,0.1418,0.5,1.0,10.634631480478557
/home/omen_pc1/ava/images/76795.jpg,0.08661510514147308,0.2548,0.3333333333333333,0.0,3.848443441693942
/home/omen_pc1/ava/images/884500.jpg,0.09906948821060671,0.3938,0.5,1.0,5.046962581830198
/home/omen_pc1/ava/images/114044.jpg,0.136212890625,0.523,1.0,1.0,7.34144907586642
/home/omen_pc1/ava/images/108188.jpg,0.11027734375,0.4548,0.5,0.0,4.5340228826467355
/home/omen_pc1/ava/images/80490.jpg,0.1002579210954078,0.4252,1.0,1.0,9.97427424261447
/home/omen_pc1/ava/images/489271.jpg,0.10204925232588118,0.3997,1.0,1.0,9.799189873597784
/home/omen_pc1/ava/images/838006.jpg,0.051506050360609866,0.2342,0.0,0.0,0.0
/home/omen_pc1/ava/images/876388.jpg,0.11144290254237288,0.4464,0.5,1.0,4.486602453753299
/home/omen_pc1/ava/images/865656.jpg,0.10993297580000308,0.4384,0.0,0.0,0.0
/home/omen_pc1/ava/images/581010.jpg,0.09955404717220517,0.4806,1.0,1.0,10.044795047560791
/home/omen_pc1/ava/images/339723.jpg,0.113408203125,0.4043,0.0,0.0,0.0
/home/omen_pc1/ava/images/883716.jpg,0.10538781448068754,0.361,1.0,1.0,9.488763050335875
/home/omen_pc1/ava/images/946416.jpg,0.09491951025439857,0.4321,1.0,1.0,10.535241883569032
/home/omen_pc1/ava/images/347055.jpg,0.04551005643988358,0.1904,0.0,0.0,0.0
/home/omen_pc1/ava/images/829598.jpg,0.09482277777777778,0.3675,1.0,1.0,10.545989301679741
/home/omen_pc1/ava/images/593809.jpg,0.1091297761790166,0.3834,0.6666666666666666,0.0,6.108934609863635
/home/omen_pc1/ava/images/302497.jpg,0.13571409258509326,0.5164,1.0,1.0,7.368431538331188
/home/omen_pc1/ava/images/55076.jpg,0.12030563195820636,0.4288,0.0,0.0,0.0
/home/omen_pc1/ava/images/49081.jpg,0.05653333333333334,0.1569,0.5,0.0,8.844339622641508
/home/omen_pc1/ava/images/372475.jpg,0.05925719373838132,0.2222,0.0,0.0,0.0
/home/omen_pc1/ava/images/367875.jpg,0.09535390250730622,0.4389,1.0,1.0,10.487247754997526
/home/omen_pc1/ava/images/206547.jpg,0.08402779006456686,0.3283,0.0,0.0,0.0
/home/omen_pc1/ava/images/498746.jpg,0.09502688244836346,0.3892,0.5,1.0,5.261668983739358
/home/omen_pc1/ava/images/211214.jpg,0.11327148437500001,0.5313,0.0,0.0,0.0
/home/omen_pc1/ava/images/367717.jpg,0.051409988932028916,0.2527,0.0,0.0,0.0
/home/omen_pc1/ava/images/19575.jpg,0.078027950310559,0.3476,1.0,1.0,12.815920398009952
/home/omen_pc1/ava/images/830395.jpg,0.10080729166666666,0.3743,0.5,1.0,4.959958667011109
/home/omen_pc1/ava/images/809954.jpg,0.08229143690306409,0.3366,0.0,0.0,0.0
/home/omen_pc1/ava/images/836704.jpg,0.14184100923773285,0.6306,0.0,0.0,0.0
/home/omen_pc1/ava/images/133975.jpg,0.10035795036764708,0.413,1.0,1.0,9.964332634700511
/home/omen_pc1/ava/images/92083.jpg,0.0892727364834852,0.3661,1.0,1.0,11.201628172168697
/home/omen_pc1/ava/images/454241.jpg,0.09373396491152106,0.3653,0.5,1.0,5.334245707753517
/home/omen_pc1/ava/images/861978.jpg,0.13154031249999998,0.4668,1.0,1.0,7.602232205431321
/home/omen_pc1/ava/images/140676.jpg,0.06429418166233304,0.2041,0.3333333333333333,0.0,5.184502309773044
/home/omen_pc1/ava/images/45828.jpg,0.1378282632743363,0.5657,0.25,0.0,1.8138514848902556
/home/omen_pc1/ava/images/254477.jpg,0.09516932996615438,0.3958,0.6666666666666666,1.0,7.005057899469894
/home/omen_pc1/ava/images/726643.jpg,0.09700703983516482,0.4115,1.0,1.0,10.308530202542089
/home/omen_pc1/ava/images/24972.jpg,0.10597070312499998,0.4731,0.25,1.0,2.3591425991116357
/home/omen_pc1/ava/images/387803.jpg,0.041009578979251865,0.1995,0.0,0.0,0.0
/home/omen_pc1/ava/images/165982.jpg,0.10784046052631598,0.482,0.0,0.0,0.0
/home/omen_pc1/ava/images/921595.jpg,0.040964821763602256,0.194,0.0,0.0,0.0
/home/omen_pc1/ava/images/20949.jpg,0.1370384101717524,0.6335,0.5,1.0,3.6486120889270546
/home/omen_pc1/ava/images/373353.jpg,0.04801710526315789,0.1467,0.0,0.0,0.0
/home/omen_pc1/ava/images/58093.jpg,0.10261498972272762,0.4513,0.0,0.0,0.0
/home/omen_pc1/ava/images/103120.jpg,0.09518830953504229,0.4198,0.0,0.0,0.0
/home/omen_pc1/ava/images/313236.jpg,0.09417095577053755,0.3904,0.0,0.0,0.0
/home/omen_pc1/ava/images/796135.jpg,0.0994373646907002,0.4356,1.0,1.0,10.056581880568725
/home/omen_pc1/ava/images/824761.jpg,0.08607651727297734,0.4015,0.0,0.0,0.0
/home/omen_pc1/ava/images/18692.jpg,0.05355889869888477,0.1912,0.0,0.0,0.0
/home/omen_pc1/ava/images/664301.jpg,0.051901433691756274,0.1674,1.0,1.0,19.26729049411277
/home/omen_pc1/ava/images/716918.jpg,0.04804057169202397,0.1467,1.0,1.0,20.815738963531672
/home/omen_pc1/ava/images/69951.jpg,0.10863381531238558,0.3719,1.0,1.0,9.205236851199755
/home/omen_pc1/ava/images/234550.jpg,0.09641156462585035,0.335,0.5,1.0,5.186099841241841
/home/omen_pc1/ava/images/37131.jpg,0.07042228618421052,0.3196,0.0,0.0,0.0
/home/omen_pc1/ava/images/516682.jpg,0.09056734236917124,0.441,0.5,1.0,5.520753805073538
/home/omen_pc1/ava/images/116840.jpg,0.07520709667898565,0.3106,0.0,0.0,0.0
/home/omen_pc1/ava/images/854527.jpg,0.13672,0.5358,0.0,0.0,0.0
/home/omen_pc1/ava/images/611333.jpg,0.1012764277369063,0.4629,1.0,1.0,9.873965959756976
/home/omen_pc1/ava/images/834287.jpg,0.12163971183312539,0.441,1.0,1.0,8.220999416472443
/home/omen_pc1/ava/images/141684.jpg,0.10358682967940432,0.468,0.0,0.0,0.0
/home/omen_pc1/ava/images/384769.jpg,0.06364143192488264,0.1908,0.25,1.0,3.9282585642491576
/home/omen_pc1/ava/images/942671.jpg,0.06322696951829473,0.2177,0.5,1.0,7.908017793820166
/home/omen_pc1/ava/images/15130.jpg,0.10803571945677952,0.4413,1.0,1.0,9.25619790406503
/home/omen_pc1/ava/images/780748.jpg,0.06609141091060863,0.2202,0.0,0.0,0.0
/home/omen_pc1/ava/images/905726.jpg,0.08426642283504962,0.2236,0.0,0.0,0.0
/home/omen_pc1/ava/images/721390.jpg,0.11526459356461527,0.4332,0.0,0.0,0.0
/home/omen_pc1/ava/images/700369.jpg,0.11219691611842104,0.5078,1.0,1.0,8.912900947692046
/home/omen_pc1/ava/images/521764.jpg,0.08181082041017908,0.3039,0.5,0.0,6.111660994146306
/home/omen_pc1/ava/images/20818.jpg,0.09047332446071459,0.3409,1.0,1.0,11.052981704394217
/home/omen_pc1/ava/images/823092.jpg,0.05900519530357564,0.2842,0.0,0.0,0.0
/home/omen_pc1/ava/images/488510.jpg,0.10253999999999999,0.4216,0.6666666666666666,1.0,6.501527859046877
/home/omen_pc1/ava/images/717715.jpg,0.10769051846590909,0.3969,1.0,1.0,9.285868563410842
/home/omen_pc1/ava/images/85295.jpg,0.13258865756674043,0.5351,0.5,1.0,3.771061636613356
/home/omen_pc1/ava/images/906769.jpg,0.056346340499792105,0.2748,0.0,0.0,0.0
/home/omen_pc1/ava/images/893864.jpg,0.09898973214285714,0.486,0.0,0.0,0.0
/home/omen_pc1/ava/images/717159.jpg,0.06244718309859154,0.2149,1.0,1.0,16.01353256272907
/home/omen_pc1/ava/images/347277.jpg,0.058590655735219,0.2617,0.0,0.0,0.0
/home/omen_pc1/ava/images/576982.jpg,0.06786214953271028,0.2128,0.0,0.0,0.0
/home/omen_pc1/ava/images/383994.jpg,0.10065172751865577,0.4439,1.0,1.0,9.935249246612784
/home/omen_pc1/ava/images/742724.jpg,0.08593945983352906,0.3558,0.0,0.0,0.0
/home/omen_pc1/ava/images/829088.jpg,0.07836433751229105,0.2846,1.0,1.0,12.760906705083228
/home/omen_pc1/ava/images/658730.jpg,0.1004470272314121,0.3892,0.0,0.0,0.0
/home/omen_pc1/ava/images/779652.jpg,0.07636145184319834,0.3036,0.25,1.0,3.2739031797529656
/home/omen_pc1/ava/images/69259.jpg,0.07526346604215454,0.2464,0.5,0.0,6.6433294437961905
/home/omen_pc1/ava/images/894239.jpg,0.09681954573575623,0.4512,0.0,0.0,0.0
/home/omen_pc1/ava/images/192228.jpg,0.09346332918712383,0.4224,0.5,1.0,5.349691738445837
/home/omen_pc1/ava/images/830359.jpg,0.10009323944305341,0.3327,0.0,0.0,0.0
/home/omen_pc1/ava/images/817318.jpg,0.09837673611111111,0.3588,0.3333333333333333,1.0,3.388334951027971
/home/omen_pc1/ava/images/880020.jpg,0.1040913267337575,0.4674,1.0,1.0,9.60694835370653
/home/omen_pc1/ava/images/917351.jpg,0.09097542362492263,0.4049,1.0,1.0,10.99197959355312
/home/omen_pc1/ava/images/770915.jpg,0.04859228395061728,0.2359,0.0,0.0,0.0
/home/omen_pc1/ava/images/526825.jpg,0.08664927541729284,0.3804,1.0,1.0,11.540777406205837
/home/omen_pc1/ava/images/35902.jpg,0.10674258458909196,0.5104,1.0,1.0,9.368332271974893
/home/omen_pc1/ava/images/755425.jpg,0.11327213541666667,0.4054,0.0,0.0,0.0
/home/omen_pc1/ava/images/467186.jpg,0.08756941516799652,0.3514,0.0,0.0,0.0
/home/omen_pc1/ava/images/16674.jpg,0.08964745973679016,0.3505,0.0,0.0,0.0
/home/omen_pc1/ava/images/180822.jpg,0.11605999999999998,0.48,0.0,0.0,0.0
/home/omen_pc1/ava/images/321108.jpg,0.09134357013507433,0.3686,1.0,1.0,10.947678074343381
/home/omen_pc1/ava/images/260581.jpg,0.12071958623647275,0.4504,1.0,1.0,8.28365993602016
/home/omen_pc1/ava/images/723397.jpg,0.09085416666666667,0.329,1.0,1.0,11.006649850951616
/home/omen_pc1/ava/images/605792.jpg,0.09733042659842998,0.3725,0.6666666666666666,1.0,6.8495196205933455
/home/omen_pc1/ava/images/855012.jpg,0.0755487494659423,0.3023,1.0,1.0,13.23648646826119
/home/omen_pc1/ava/images/634295.jpg,0.0894433328359842,0.3731,1.0,1.0,11.180263171026283
/home/omen_pc1/ava/images/489124.jpg,0.09348863636363636,0.3675,0.0,0.0,0.0
/home/omen_pc1/ava/images/35893.jpg,0.11921329287466023,0.427,1.0,1.0,8.388326300586218
/home/omen_pc1/ava/images/732302.jpg,0.07226812929548654,0.2651,1.0,1.0,13.837358317540598
/home/omen_pc1/ava/images/477176.jpg,0.09751179245283023,0.3276,1.0,1.0,10.255169911718463
/home/omen_pc1/ava/images/86212.jpg,0.12750214306837965,0.5656,1.0,1.0,7.843005426690735
/home/omen_pc1/ava/images/126190.jpg,0.11551462606476862,0.371,1.0,1.0,8.656912410721944
/home/omen_pc1/ava/images/487654.jpg,0.05151380341467147,0.1918,0.25,0.0,4.8530681764569215
/home/omen_pc1/ava/images/375362.jpg,0.0383677019090906,0.1726,0.0,0.0,0.0
/home/omen_pc1/ava/images/618380.jpg,0.1062460599429387,0.4927,0.0,0.0,0.0
/home/omen_pc1/ava/images/863183.jpg,0.04301917102932015,0.2049,0.0,0.0,0.0
/home/omen_pc1/ava/images/316355.jpg,0.1122087286527514,0.4228,1.0,1.0,8.911962661074849
/home/omen_pc1/ava/images/886162.jpg,0.09421198421585285,0.4153,0.0,0.0,0.0
/home/omen_pc1/ava/images/31823.jpg,0.08196574257656383,0.3229,0.5,1.0,6.100109439415524
/home/omen_pc1/ava/images/854305.jpg,0.05031785714285715,0.1522,0.0,0.0,0.0
/home/omen_pc1/ava/images/86129.jpg,0.03360074916344414,0.1471,0.0,0.0,0.0
/home/omen_pc1/ava/images/903451.jpg,0.13672,0.5054,0.5,1.0,3.6571094207138675
/home/omen_pc1/ava/images/757452.jpg,0.05986247119815667,0.1959,1.0,1.0,16.704956878405525
/home/omen_pc1/ava/images/599679.jpg,0.09134356992645808,0.3767,1.0,1.0,10.947678099346383
/home/omen_pc1/ava/images/63675.jpg,0.12428482841996166,0.413,1.0,1.0,8.046034360855165
/home/omen_pc1/ava/images/66193.jpg,0.11665529010238909,0.413,0.0,0.0,0.0
/home/omen_pc1/ava/images/577584.jpg,0.14185937499999998,0.6106,1.0,1.0,7.049234497191321
/home/omen_pc1/ava/images/260891.jpg,0.08838194444444444,0.2408,0.25,0.0,2.828632042115188
/home/omen_pc1/ava/images/744371.jpg,0.1030380459428081,0.4802,0.0,0.0,0.0
/home/omen_pc1/ava/images/12823.jpg,0.056182177513829513,0.2768,0.0,0.0,0.0
/home/omen_pc1/ava/images/263719.jpg,0.06732519578156834,0.3052,0.25,0.0,3.713320059418864
/home/omen_pc1/ava/images/952860.jpg,0.09483158678824868,0.4347,0.0,0.0,0.0
/home/omen_pc1/ava/images/631836.jpg,0.11732534739855789,0.545,0.0,0.0,0.0
/home/omen_pc1/ava/images/929692.jpg,0.08592061443513302,0.3199,0.25,0.0,2.909662618727442
/home/omen_pc1/ava/images/479775.jpg,0.09060977479840672,0.322,1.0,1.0,11.036336887767918
/home/omen_pc1/ava/images/254973.jpg,0.04139366584343434,0.1981,0.0,0.0,0.0
/home/omen_pc1/ava/images/736898.jpg,0.11930078125000002,0.4478,1.0,1.0,8.38217478144134
/home/omen_pc1/ava/images/942180.jpg,0.09486165730909214,0.4107,0.0,0.0,0.0
/home/omen_pc1/ava/images/832922.jpg,0.10515791803776979,0.378,0.5,0.0,4.754753701194559
/home/omen_pc1/ava/images/273151.jpg,0.06324019451530612,0.2758,0.0,0.0,0.0
/home/omen_pc1/ava/images/8913.jpg,0.08041601562499999,0.2949,0.0,0.0,0.0
/home/omen_pc1/ava/images/775417.jpg,0.081716404088809,0.3603,0.25,0.0,3.059361248058605
/home/omen_pc1/ava/images/872994.jpg,0.0559437148217636,0.151,1.0,1.0,17.87510899456704
/home/omen_pc1/ava/images/16554.jpg,0.041733016304347816,0.1912,0.0,0.0,0.0
/home/omen_pc1/ava/images/373294.jpg,0.10423788265306122,0.4,1.0,1.0,9.593441218758604
/home/omen_pc1/ava/images/678615.jpg,0.050746875272960644,0.246,0.5,0.0,9.852823396722792
/home/omen_pc1/ava/images/316676.jpg,0.09733042743289504,0.4193,1.0,1.0,10.274279342803206
/home/omen_pc1/ava/images/365611.jpg,0.10143259447674417,0.5026,0.0,0.0,0.0
/home/omen_pc1/ava/images/457768.jpg,0.10784636534158092,0.4888,1.0,1.0,9.272449718937752
/home/omen_pc1/ava/images/660167.jpg,0.04094714712343155,0.1917,0.0,0.0,0.0
/home/omen_pc1/ava/images/35780.jpg,0.12360629922020513,0.5384,0.0,0.0,0.0
/home/omen_pc1/ava/images/809405.jpg,0.09410054802469196,0.3451,1.0,1.0,10.626930671409058
/home/omen_pc1/ava/images/422981.jpg,0.05368627567187597,0.2226,0.0,0.0,0.0
/home/omen_pc1/ava/images/358293.jpg,0.07011585553898472,0.2189,0.5,1.0,7.131054683088019
/home/omen_pc1/ava/images/494592.jpg,0.06890339078608247,0.2774,1.0,1.0,14.513073864602699
/home/omen_pc1/ava/images/379440.jpg,0.136212890625,0.5617,0.5,1.0,3.67072453793321
/home/omen_pc1/ava/images/57218.jpg,0.11231996000903022,0.5061,1.0,1.0,8.903137073050976
/home/omen_pc1/ava/images/476662.jpg,0.04191664786383355,0.2009,0.0,0.0,0.0
/home/omen_pc1/ava/images/8161.jpg,0.113408203125,0.4798,0.6666666666666666,0.0,5.878469531272424
/home/omen_pc1/ava/images/847573.jpg,0.0957389349895181,0.3633,0.0,0.0,0.0
/home/omen_pc1/ava/images/35112.jpg,0.06520319835680752,0.2065,0.5,0.0,7.6683354896776725
/home/omen_pc1/ava/images/543518.jpg,0.0990734409190372,0.4136,1.0,1.0,10.093522448838733
/home/omen_pc1/ava/images/890564.jpg,0.12994474073715415,0.502,0.0,0.0,0.0
/home/omen_pc1/ava/images/114590.jpg,0.05037323190789474,0.2434,0.0,0.0,0.0
/home/omen_pc1/ava/images/341527.jpg,0.09714440247252747,0.3452,1.0,1.0,10.293953892843193
/home/omen_pc1/ava/images/892208.jpg,0.1166103924329041,0.4352,0.75,1.0,6.4316737501036965
/home/omen_pc1/ava/images/72808.jpg,0.09152979651162792,0.3909,0.0,0.0,0.0
/home/omen_pc1/ava/images/54526.jpg,0.08674276476794607,0.3172,1.0,1.0,11.52833902257089
/home/omen_pc1/ava/images/716715.jpg,0.13478281650543217,0.604,0.75,1.0,5.564507549593851
/home/omen_pc1/ava/images/915196.jpg,0.047899231418652446,0.2011,0.0,0.0,0.0
/home/omen_pc1/ava/images/906090.jpg,0.055177358309217814,0.2733,0.3333333333333333,0.0,6.04112526491953
/home/omen_pc1/ava/images/373242.jpg,0.08538352925789702,0.3824,0.75,1.0,8.783895518474758
/home/omen_pc1/ava/images/7620.jpg,0.08840104166666665,0.383,0.0,0.0,0.0
/home/omen_pc1/ava/images/185373.jpg,0.0866745943723942,0.3402,0.0,0.0,0.0
/home/omen_pc1/ava/images/394262.jpg,0.11952562410992654,0.5198,0.0,0.0,0.0
/home/omen_pc1/ava/images/893036.jpg,0.09306666666666666,0.3185,1.0,1.0,10.744985673352437
/home/omen_pc1/ava/images/522944.jpg,0.09134356992645806,0.3534,1.0,1.0,10.947678099346385
/home/omen_pc1/ava/images/164259.jpg,0.10261498972272765,0.4348,1.0,1.0,9.745164938398034
/home/omen_pc1/ava/images/431666.jpg,0.06683854166666667,0.1938,0.0,0.0,0.0
/home/omen_pc1/ava/images/158872.jpg,0.10294525815480979,0.3754,1.0,1.0,9.713900551846624
/home/omen_pc1/ava/images/121886.jpg,0.07598691731290344,0.3496,0.0,0.0,0.0
/home/omen_pc1/ava/images/382855.jpg,0.07655811298076923,0.3678,0.0,0.0,0.0
/home/omen_pc1/ava/images/733614.jpg,0.13671999999999998,0.5032,0.25,0.0,1.8285547103569342
/home/omen_pc1/ava/images/712850.jpg,0.10044662501469577,0.3405,1.0,1.0,9.955536085495115
/home/omen_pc1/ava/images/166912.jpg,0.09928966021533318,0.3768,0.5,0.0,5.035771085484948
/home/omen_pc1/ava/images/840433.jpg,0.07921013133208255,0.2948,1.0,1.0,12.624647670480117
/home/omen_pc1/ava/images/65258.jpg,0.0446875,0.1884,0.0,0.0,0.0
/home/omen_pc1/ava/images/850100.jpg,0.08406649979035356,0.3602,0.0,0.0,0.0
/home/omen_pc1/ava/images/102872.jpg,0.11963777090934676,0.4886,1.0,1.0,8.358564292858071
/home/omen_pc1/ava/images/527988.jpg,0.09063540443006117,0.3825,1.0,1.0,11.033216062622087
/home/omen_pc1/ava/images/295635.jpg,0.09901171874999999,0.4146,1.0,1.0,10.099814573716811
/home/omen_pc1/ava/images/316828.jpg,0.09328480113636362,0.4648,1.0,1.0,10.71985991092162
/home/omen_pc1/ava/images/742039.jpg,0.042761390186915896,0.1532,0.0,0.0,0.0
/home/omen_pc1/ava/images/150588.jpg,0.09070346649095111,0.3335,0.0,0.0,0.0
/home/omen_pc1/ava/images/892696.jpg,0.11275286672425747,0.3863,0.75,1.0,6.651715577521952
/home/omen_pc1/ava/images/481198.jpg,0.10227301014794257,0.44,0.6666666666666666,0.0,6.518500489056721
/home/omen_pc1/ava/images/230850.jpg,0.10207421875,0.4234,0.0,0.0,0.0
/home/omen_pc1/ava/images/849047.jpg,0.08537111843173427,0.3155,1.0,1.0,11.713563303023083
/home/omen_pc1/ava/images/815901.jpg,0.048850860446110735,0.2141,0.0,0.0,0.0
/home/omen_pc1/ava/images/736260.jpg,0.09702103365384615,0.343,0.0,0.0,0.0
/home/omen_pc1/ava/images/712334.jpg,0.04215654024767802,0.1185,1.0,1.0,23.721111697610905
/home/omen_pc1/ava/images/795121.jpg,0.13640277777777773,0.6112,0.0,0.0,0.0
/home/omen_pc1/ava/images/347449.jpg,0.11940156287310122,0.4989,0.0,0.0,0.0
/home/omen_pc1/ava/images/857364.jpg,0.09097542362492263,0.399,1.0,1.0,10.99197959355312
/home/omen_pc1/ava/images/918632.jpg,0.036778427419354845,0.1384,0.25,1.0,6.79746301138575
/home/omen_pc1/ava/images/158944.jpg,0.0905673415347062,0.4324,0.5,1.0,5.520753855940395
/home/omen_pc1/ava/images/264158.jpg,0.08878518518518518,0.2961,1.0,1.0,11.26314033038545
/home/omen_pc1/ava/images/232779.jpg,0.10071978791061546,0.4161,0.25,0.0,2.482133900260636
/home/omen_pc1/ava/images/192815.jpg,0.10437583055929926,0.4753,0.0,0.0,0.0
/home/omen_pc1/ava/images/912237.jpg,0.09758004039860325,0.3782,0.0,0.0,0.0
/home/omen_pc1/ava/images/80899.jpg,0.09974652029454023,0.4868,0.0,0.0,0.0
/home/omen_pc1/ava/images/70910.jpg,0.07015678367630332,0.2833,0.0,0.0,0.0
/home/omen_pc1/ava/images/300822.jpg,0.09480915830547743,0.336,1.0,1.0,10.547504248249684
/home/omen_pc1/ava/images/9393.jpg,0.037413908228286955,0.1602,0.0,0.0,0.0
/home/omen_pc1/ava/images/101443.jpg,0.09551333333333334,0.4445,0.3333333333333333,1.0,3.489914148111956
/home/omen_pc1/ava/images/75622.jpg,0.08766274672387879,0.3884,0.0,0.0,0.0
/home/omen_pc1/ava/images/649987.jpg,0.12174583847606568,0.5741,1.0,1.0,8.213833117561489
/home/omen_pc1/ava/images/485293.jpg,0.10271214978448276,0.3384,0.0,0.0,0.0
/home/omen_pc1/ava/images/99714.jpg,0.10214257812500001,0.4079,0.0,0.0,0.0
/home/omen_pc1/ava/images/936230.jpg,0.1018778968391866,0.4347,0.0,0.0,0.0
/home/omen_pc1/ava/images/434669.jpg,0.05043389714805824,0.2408,0.0,0.0,0.0
/home/omen_pc1/ava/images/86105.jpg,0.07531444906444906,0.2688,1.0,1.0,13.27766467685725
/home/omen_pc1/ava/images/439515.jpg,0.09255323833933729,0.3448,0.5,0.0,5.4022961159586815
/home/omen_pc1/ava/images/278658.jpg,0.0790112751280675,0.2767,1.0,1.0,12.656421483884719
/home/omen_pc1/ava/images/218642.jpg,0.09549031676120376,0.343,0.25,1.0,2.6180665064205875
/home/omen_pc1/ava/images/859052.jpg,0.11685032725171365,0.5054,1.0,1.0,8.55795634911527
/home/omen_pc1/ava/images/771545.jpg,0.10630860988242782,0.4842,0.0,0.0,0.0
/home/omen_pc1/ava/images/479856.jpg,0.10214257812499998,0.4568,0.0,0.0,0.0
/home/omen_pc1/ava/images/361596.jpg,0.10223139240862704,0.3939,0.25,1.0,2.445432798183263
/home/omen_pc1/ava/images/642493.jpg,0.11463967546373333,0.4394,1.0,1.0,8.722983521672246
/home/omen_pc1/ava/images/539155.jpg,0.09221969143336703,0.4306,1.0,1.0,10.84367106912894
/home/omen_pc1/ava/images/32937.jpg,0.041978412209983156,0.1724,0.0,0.0,0.0
/home/omen_pc1/ava/images/69348.jpg,0.10230876852092338,0.4568,1.0,1.0,9.774333270324604
/home/omen_pc1/ava/images/268030.jpg,0.08120242974238875,0.2846,1.0,1.0,12.314902437925285
/home/omen_pc1/ava/images/879274.jpg,0.12691642857142857,0.6111,1.0,1.0,7.879200598819246
/home/omen_pc1/ava/images/817894.jpg,0.0891866106796088,0.329,1.0,1.0,11.212445370217832
/home/omen_pc1/ava/images/115218.jpg,0.041773036914296235,0.1234,0.0,0.0,0.0
/home/omen_pc1/ava/images/945785.jpg,0.10749249999999999,0.4732,0.5,1.0,4.651487313068354
/home/omen_pc1/ava/images/523039.jpg,0.060419350117096024,0.1734,0.0,0.0,0.0
/home/omen_pc1/ava/images/760008.jpg,0.09808136372204995,0.378,1.0,1.0,10.195616802738105
/home/omen_pc1/ava/images/937677.jpg,0.0897975,0.3298,1.0,1.0,11.13616748795902
/home/omen_pc1/ava/images/221043.jpg,0.07134046400536989,0.3058,0.0,0.0,0.0
/home/omen_pc1/ava/images/604611.jpg,0.09056734153470618,0.3972,0.75,1.0,8.281130783910596
/home/omen_pc1/ava/images/314686.jpg,0.08415190028552426,0.3049,0.25,0.0,2.970818236448129
/home/omen_pc1/ava/images/251404.jpg,0.09885406709558824,0.3428,1.0,1.0,10.115921675059024
/home/omen_pc1/ava/images/144919.jpg,0.0751947633473771,0.3703,0.0,0.0,0.0
/home/omen_pc1/ava/images/15904.jpg,0.0991371712508234,0.3605,1.0,1.0,10.087033827805474
/home/omen_pc1/ava/images/877036.jpg,0.09825431034482757,0.4262,0.75,0.0,7.633252906339111
/home/omen_pc1/ava/images/22073.jpg,0.05891824395373292,0.2343,0.0,0.0,0.0
/home/omen_pc1/ava/images/916796.jpg,0.09086566752736167,0.4368,1.0,1.0,11.005256740108996
/home/omen_pc1/ava/images/830587.jpg,0.09194791222888009,0.3738,0.0,0.0,0.0
/home/omen_pc1/ava/images/279592.jpg,0.10286958655504437,0.4403,0.0,0.0,0.0
/home/omen_pc1/ava/images/740306.jpg,0.1056875,0.336,1.0,1.0,9.461856889414547
/home/omen_pc1/ava/images/854019.jpg,0.10663286205602038,0.4427,1.0,1.0,9.377972050254474
/home/omen_pc1/ava/images/315287.jpg,0.10221093749999999,0.4628,0.6666666666666666,0.0,6.522459170934292
/home/omen_pc1/ava/images/254925.jpg,0.058538512894619,0.2873,0.0,0.0,0.0
/home/omen_pc1/ava/images/751247.jpg,0.10120778871808116,0.4215,0.0,0.0,0.0
/home/omen_pc1/ava/images/897145.jpg,0.07535647361804682,0.3057,0.0,0.0,0.0
/home/omen_pc1/ava/images/128540.jpg,0.10189740607752751,0.4205,1.0,1.0,9.81379250458212
/home/omen_pc1/ava/images/927679.jpg,0.07733976936680932,0.3802,1.0,1.0,12.92995839252081
/home/omen_pc1/ava/images/446130.jpg,0.1226457060382639,0.5219,0.0,0.0,0.0
/home/omen_pc1/ava/images/218665.jpg,0.10865972222222223,0.4264,0.5,1.0,4.601521058349843
/home/omen_pc1/ava/images/726954.jpg,0.09687212261062442,0.4148,1.0,1.0,10.322887256424433
/home/omen_pc1/ava/images/106785.jpg,0.10214257812500001,0.3941,1.0,1.0,9.790236533644377
/home/omen_pc1/ava/images/520970.jpg,0.092449909922824,0.3932,1.0,1.0,10.816668191832607
/home/omen_pc1/ava/images/896871.jpg,0.10112070494979168,0.4123,1.0,1.0,9.889171564780117
/home/omen_pc1/ava/images/294877.jpg,0.049952175521850675,0.2425,0.0,0.0,0.0
/home/omen_pc1/ava/images/29772.jpg,0.047017578125,0.163,1.0,1.0,21.26864121630042
/home/omen_pc1/ava/images/377517.jpg,0.12096875667572035,0.4039,0.75,1.0,6.199947991616686
/home/omen_pc1/ava/images/215651.jpg,0.08788981534469745,0.43,0.25,1.0,2.844470647930232
/home/omen_pc1/ava/images/699500.jpg,0.07495391208540611,0.2996,0.0,0.0,0.0
/home/omen_pc1/ava/images/945233.jpg,0.05217962598425198,0.2212,1.0,1.0,19.164568184176023
/home/omen_pc1/ava/images/795375.jpg,0.09064955613816092,0.4232,1.0,1.0,11.031493617860397
/home/omen_pc1/ava/images/811302.jpg,0.13572858403248883,0.5098,1.0,1.0,7.367644826830536
/home/omen_pc1/ava/images/46568.jpg,0.11064713541666664,0.4068,0.5,1.0,4.518869811831438
/home/omen_pc1/ava/images/404484.jpg,0.09720188902007085,0.3863,1.0,1.0,10.287865905502246
/home/omen_pc1/ava/images/641950.jpg,0.10537431573973352,0.4372,0.5,1.0,4.74498929354817
/home/omen_pc1/ava/images/738298.jpg,0.13811365752563914,0.542,0.0,0.0,0.0
/home/omen_pc1/ava/images/770166.jpg,0.0672725925925926,0.258,0.3333333333333333,0.0,4.954964874804553
/home/omen_pc1/ava/images/757199.jpg,0.10057295167614055,0.4347,1.0,1.0,9.943031235874876
/home/omen_pc1/ava/images/99021.jpg,0.08582163052650607,0.3601,1.0,1.0,11.652074120068708
/home/omen_pc1/ava/images/144383.jpg,0.11817206922715806,0.5721,1.0,1.0,8.462236521201426
/home/omen_pc1/ava/images/920910.jpg,0.06801454033771107,0.2954,1.0,1.0,14.702738488486764
/home/omen_pc1/ava/images/69981.jpg,0.061817483574123935,0.3049,0.0,0.0,0.0
/home/omen_pc1/ava/images/184775.jpg,0.10221093749999999,0.371,1.0,1.0,9.783688756401439
/home/omen_pc1/ava/images/67059.jpg,0.08268891268587611,0.3551,0.6666666666666666,1.0,8.062346510701408
/home/omen_pc1/ava/images/663463.jpg,0.05040203193033381,0.1442,0.0,0.0,0.0
/home/omen_pc1/ava/images/536109.jpg,0.1244005159345336,0.459,1.0,1.0,8.038551870044133
/home/omen_pc1/ava/images/930239.jpg,0.051830808893834866,0.2202,0.0,0.0,0.0
/home/omen_pc1/ava/images/76854.jpg,0.10221093749999999,0.3661,0.75,1.0,7.337766567301078
/home/omen_pc1/ava/images/67313.jpg,0.06351262068463683,0.2917,0.0,0.0,0.0
/home/omen_pc1/ava/images/432705.jpg,0.0927309194946047,0.4091,1.0,1.0,10.783889617941105
/home/omen_pc1/ava/images/10629.jpg,0.05116601562499999,0.1489,0.3333333333333333,1.0,6.514740873636931
/home/omen_pc1/ava/images/6957.jpg,0.10221093749999999,0.462,0.75,1.0,7.337766567301078
/home/omen_pc1/ava/images/621717.jpg,0.08646315586419752,0.3174,0.0,0.0,0.0
/home/omen_pc1/ava/images/96375.jpg,0.10768827351485148,0.4111,0.0,0.0,0.0
/home/omen_pc1/ava/images/625776.jpg,0.10971495752427182,0.4761,0.6666666666666666,1.0,6.076351681758456
/home/omen_pc1/ava/images/311347.jpg,0.145796875,0.5522,1.0,1.0,6.858857571535742
/home/omen_pc1/ava/images/196400.jpg,0.10777968892086003,0.357,0.0,0.0,0.0
/home/omen_pc1/ava/images/132590.jpg,0.10464453124999999,0.4805,0.5,1.0,4.778080555451865
/home/omen_pc1/ava/images/935924.jpg,0.08528759398496241,0.3037,0.6666666666666666,1.0,7.816689808182545
/home/omen_pc1/ava/images/603997.jpg,0.09070346632389514,0.329,1.0,1.0,11.024936979024334
/home/omen_pc1/ava/images/700215.jpg,0.0555205299352751,0.2705,0.25,1.0,4.502838865036876
/home/omen_pc1/ava/images/275853.jpg,0.09415325626787563,0.4143,0.0,0.0,0.0
/home/omen_pc1/ava/images/312000.jpg,0.09027987495348302,0.3414,1.0,1.0,11.076665763164304
/home/omen_pc1/ava/images/677389.jpg,0.09705758742993983,0.4344,0.0,0.0,0.0
/home/omen_pc1/ava/images/41972.jpg,0.067736328125,0.2657,1.0,1.0,14.763126784118105
/home/omen_pc1/ava/images/848046.jpg,0.13672,0.5054,0.0,0.0,0.0
/home/omen_pc1/ava/images/38120.jpg,0.09755674670361689,0.3547,0.3333333333333333,0.0,3.4168147729036056
/home/omen_pc1/ava/images/853184.jpg,0.09097542295735063,0.4192,0.0,0.0,0.0
/home/omen_pc1/ava/images/229165.jpg,0.06181792803226033,0.2909,0.0,0.0,0.0
/home/omen_pc1/ava/images/538026.jpg,0.1435820254087449,0.5426,0.5,1.0,3.482330038015659
/home/omen_pc1/ava/images/833676.jpg,0.09065439950181575,0.401,0.0,0.0,0.0
/home/omen_pc1/ava/images/472577.jpg,0.09871305648666369,0.4438,0.0,0.0,0.0
/home/omen_pc1/ava/images/947156.jpg,0.09038836388675953,0.329,1.0,1.0,11.063370958377135
/home/omen_pc1/ava/images/770055.jpg,0.06503201844262294,0.25,0.3333333333333333,0.0,5.125680262060908
/home/omen_pc1/ava/images/279625.jpg,0.0762421875,0.3105,1.0,1.0,13.116097960856644
/home/omen_pc1/ava/images/359811.jpg,0.0952088005038559,0.4429,0.0,0.0,0.0
/home/omen_pc1/ava/images/853821.jpg,0.10243,0.4481,1.0,1.0,9.762764814995608
/home/omen_pc1/ava/images/440648.jpg,0.09070346565648604,0.4258,0.0,0.0,0.0
/home/omen_pc1/ava/images/46369.jpg,0.1225074074074074,0.4726,1.0,1.0,8.162771714484386
/home/omen_pc1/ava/images/164631.jpg,0.12173304596347416,0.4758,0.0,0.0,0.0
/home/omen_pc1/ava/images/257178.jpg,0.11333984374999999,0.4454,0.0,0.0,0.0
/home/omen_pc1/ava/images/692952.jpg,0.11261920499678195,0.4062,1.0,1.0,8.879480191931515
/home/omen_pc1/ava/images/375213.jpg,0.05187574516187454,0.2559,0.0,0.0,0.0
/home/omen_pc1/ava/images/366.jpg,0.04246549479166667,0.2057,0.0,0.0,0.0
/home/omen_pc1/ava/images/791663.jpg,0.0630479015308635,0.219,0.25,1.0,3.965239031431028
/home/omen_pc1/ava/images/113073.jpg,0.12665507112383204,0.4582,0.6666666666666666,0.0,5.263639748106567
/home/omen_pc1/ava/images/141543.jpg,0.042513299872052775,0.2035,0.0,0.0,0.0
/home/omen_pc1/ava/images/834657.jpg,0.056073083778966124,0.1961,0.0,0.0,0.0
/home/omen_pc1/ava/images/101768.jpg,0.10204622599857742,0.4043,0.0,0.0,0.0
/home/omen_pc1/ava/images/60980.jpg,0.11003845298995829,0.4324,0.0,0.0,0.0
/home/omen_pc1/ava/images/602752.jpg,0.05201059075660055,0.2543,0.0,0.0,0.0
/home/omen_pc1/ava/images/151291.jpg,0.049928059895833335,0.2016,0.0,0.0,0.0
/home/omen_pc1/ava/images/799417.jpg,0.10767781085610303,0.4477,0.25,0.0,2.321741109076702
/home/omen_pc1/ava/images/120198.jpg,0.09070346649095111,0.329,0.75,1.0,8.268702719039107
/home/omen_pc1/ava/images/377546.jpg,0.10313109136967624,0.4261,0.25,1.0,2.4240992379676087
/home/omen_pc1/ava/images/226761.jpg,0.058078776041666655,0.2863,0.0,0.0,0.0
/home/omen_pc1/ava/images/930298.jpg,0.0972548106868231,0.4134,0.25,0.0,2.570566928612325
/home/omen_pc1/ava/images/309827.jpg,0.10534832273849785,0.4066,1.0,1.0,9.49232008640766
/home/omen_pc1/ava/images/598076.jpg,0.04212181391849708,0.1913,1.0,1.0,23.74066800482367
/home/omen_pc1/ava/images/463563.jpg,0.059301086850706716,0.232,0.0,0.0,0.0
/home/omen_pc1/ava/images/23782.jpg,0.09008830118041569,0.3968,0.5,1.0,5.5501102079688795
/home/omen_pc1/ava/images/35121.jpg,0.10722303882087629,0.5021,0.0,0.0,0.0
/home/omen_pc1/ava/images/288470.jpg,0.08327322058299855,0.3973,0.0,0.0,0.0
/home/omen_pc1/ava/images/505171.jpg,0.1120419502358311,0.3855,0.0,0.0,0.0
/home/omen_pc1/ava/images/566599.jpg,0.0630457675579897,0.2974,0.0,0.0,0.0
/home/omen_pc1/ava/images/355619.jpg,0.11758648012735877,0.471,0.5,1.0,4.252189532831039
/home/omen_pc1/ava/images/1541.jpg,0.10744726562499998,0.4452,1.0,1.0,9.306891098467636
/home/omen_pc1/ava/images/702071.jpg,0.09114666666666667,0.395,1.0,1.0,10.971328262141602
/home/omen_pc1/ava/images/693665.jpg,0.041414177868176014,0.1981,0.0,0.0,0.0
/home/omen_pc1/ava/images/75549.jpg,0.12274654321687062,0.4858,1.0,1.0,8.146868936530323
/home/omen_pc1/ava/images/819142.jpg,0.06108217592592593,0.2338,1.0,1.0,16.37138796778778
/home/omen_pc1/ava/images/826239.jpg,0.09120630440578287,0.3803,1.0,1.0,10.964154358792282
/home/omen_pc1/ava/images/577676.jpg,0.09828711271286017,0.3374,1.0,1.0,10.174273843219297
/home/omen_pc1/ava/images/291045.jpg,0.04277531090797762,0.2006,0.25,1.0,5.844492879030713
/home/omen_pc1/ava/images/415459.jpg,0.048379771143262265,0.2146,0.0,0.0,0.0
/home/omen_pc1/ava/images/211745.jpg,0.057288297292631275,0.2443,0.0,0.0,0.0
/home/omen_pc1/ava/images/90066.jpg,0.0996369785484164,0.4234,1.0,1.0,10.03643440988199
/home/omen_pc1/ava/images/829640.jpg,0.10068576388888888,0.4314,0.0,0.0,0.0
/home/omen_pc1/ava/images/834996.jpg,0.04180424958895923,0.196,0.0,0.0,0.0
/home/omen_pc1/ava/images/31788.jpg,0.13914457432378396,0.5237,0.3333333333333333,0.0,2.3955898744400894
/home/omen_pc1/ava/images/677052.jpg,0.11915565134099619,0.432,1.0,1.0,8.39238415254203
/home/omen_pc1/ava/images/514432.jpg,0.10129085834046365,0.372,0.5,1.0,4.936279622780727
/home/omen_pc1/ava/images/176200.jpg,0.08556744803528293,0.3366,0.5,1.0,5.843343601807894
/home/omen_pc1/ava/images/139955.jpg,0.10221093749999999,0.3684,1.0,1.0,9.783688756401439
/home/omen_pc1/ava/images/64983.jpg,0.09632146577380953,0.4469,0.0,0.0,0.0
/home/omen_pc1/ava/images/324897.jpg,0.09054155296742081,0.4192,0.0,0.0,0.0
/home/omen_pc1/ava/images/897804.jpg,0.07516830646865573,0.2758,0.0,0.0,0.0
/home/omen_pc1/ava/images/231479.jpg,0.09235681531021842,0.342,1.0,1.0,10.827571269549388
/home/omen_pc1/ava/images/589090.jpg,0.08241053763440861,0.3402,1.0,1.0,12.134370539314054
/home/omen_pc1/ava/images/95142.jpg,0.10171082934112663,0.4183,1.0,1.0,9.83179477031018
/home/omen_pc1/ava/images/402031.jpg,0.06288355654761905,0.2832,0.0,0.0,0.0
/home/omen_pc1/ava/images/315958.jpg,0.10617139537645011,0.4308,0.0,0.0,0.0
/home/omen_pc1/ava/images/609364.jpg,0.11626029693571546,0.4967,1.0,1.0,8.601388662829034
/home/omen_pc1/ava/images/263646.jpg,0.0906354035955961,0.401,0.5,1.0,5.516608082101535
/home/omen_pc1/ava/images/721774.jpg,0.10267060237639962,0.4181,0.0,0.0,0.0
/home/omen_pc1/ava/images/814163.jpg,0.09226400863506182,0.3548,1.0,1.0,10.838462525028246
/home/omen_pc1/ava/images/759636.jpg,0.09328545628215976,0.3893,0.0,0.0,0.0
/home/omen_pc1/ava/images/830431.jpg,0.07412497576110141,0.2173,0.3333333333333333,1.0,4.4969098459828
/home/omen_pc1/ava/images/376683.jpg,0.09481698557227722,0.3801,0.25,1.0,2.6366583844772165
/home/omen_pc1/ava/images/226546.jpg,0.0914931518946081,0.379,0.0,0.0,0.0
/home/omen_pc1/ava/images/45314.jpg,0.08065294924554184,0.3304,0.5,1.0,6.1994013198176745
/home/omen_pc1/ava/images/28614.jpg,0.10221093749999999,0.3843,1.0,1.0,9.783688756401439
/home/omen_pc1/ava/images/68280.jpg,0.10748409555736957,0.4227,1.0,1.0,9.303702048330031
/home/omen_pc1/ava/images/919764.jpg,0.07550080157849301,0.3507,0.0,0.0,0.0
/home/omen_pc1/ava/images/124302.jpg,0.12163971350205545,0.4753,0.25,0.0,2.055249825919522
/home/omen_pc1/ava/images/884645.jpg,0.08447170687691566,0.2604,0.5,1.0,5.919141668683855
/home/omen_pc1/ava/images/630503.jpg,0.13628125,0.49,1.0,1.0,7.337766567301078
/home/omen_pc1/ava/images/661203.jpg,0.12285760427878929,0.4432,1.0,1.0,8.139504313715847
/home/omen_pc1/ava/images/224051.jpg,0.1303440059864113,0.5917,0.5,1.0,3.836003015375531
/home/omen_pc1/ava/images/117017.jpg,0.05050246510922329,0.1738,1.0,1.0,19.80101363046869
/home/omen_pc1/ava/images/416492.jpg,0.10513073979591836,0.3306,0.5,1.0,4.755982893020716
/home/omen_pc1/ava/images/531526.jpg,0.08344295498416537,0.3085,0.5,1.0,5.992117610107203
/home/omen_pc1/ava/images/252643.jpg,0.09945373731679863,0.3764,1.0,1.0,10.054926310256327
/home/omen_pc1/ava/images/596760.jpg,0.08987705702246633,0.364,0.0,0.0,0.0
/home/omen_pc1/ava/images/197178.jpg,0.09060977312947666,0.3873,1.0,1.0,11.036337091044826
/home/omen_pc1/ava/images/718679.jpg,0.09768055555555553,0.4011,0.75,1.0,7.678089008957772
/home/omen_pc1/ava/images/50244.jpg,0.11946461169554454,0.429,1.0,1.0,8.370679700098128
/home/omen_pc1/ava/images/253601.jpg,0.10071979041401077,0.3764,1.0,1.0,9.928535354268305
/home/omen_pc1/ava/images/704024.jpg,0.0836010852350168,0.343,0.25,0.0,2.9903918028959513
/home/omen_pc1/ava/images/607140.jpg,0.14739800236896614,0.5864,1.0,1.0,6.784352460196874
/home/omen_pc1/ava/images/121679.jpg,0.06043518066406249,0.1919,0.5,1.0,8.273326802468265
/home/omen_pc1/ava/images/38724.jpg,0.08351637995041854,0.3804,0.5,1.0,5.98684952935983
/home/omen_pc1/ava/images/455126.jpg,0.09486820203584809,0.4669,0.0,0.0,0.0
/home/omen_pc1/ava/images/728914.jpg,0.08467299914790281,0.4011,1.0,1.0,11.810140305214027
/home/omen_pc1/ava/images/846612.jpg,0.05854191699342735,0.2765,0.0,0.0,0.0
/home/omen_pc1/ava/images/471128.jpg,0.05639062500000001,0.183,0.75,1.0,13.300083125519533
/home/omen_pc1/ava/images/840284.jpg,0.0911107177233383,0.3795,1.0,1.0,10.975657145370581
/home/omen_pc1/ava/images/224613.jpg,0.09080011063986725,0.3702,0.5,0.0,5.506601219717754
/home/omen_pc1/ava/images/342698.jpg,0.11364421244930682,0.5243,0.0,0.0,0.0
/home/omen_pc1/ava/images/774223.jpg,0.058146484374999995,0.2508,0.0,0.0,0.0
/home/omen_pc1/ava/images/179308.jpg,0.113408203125,0.4535,0.3333333333333333,0.0,2.939234765636212
/home/omen_pc1/ava/images/851114.jpg,0.12164871580367147,0.4019,1.0,1.0,8.220390929682294
/home/omen_pc1/ava/images/918621.jpg,0.07669892770741384,0.3154,0.5,1.0,6.518995961812765
/home/omen_pc1/ava/images/511073.jpg,0.152580078125,0.6012,1.0,1.0,6.553935561500749
/home/omen_pc1/ava/images/249511.jpg,0.10065172751865578,0.3395,1.0,1.0,9.935249246612782
/home/omen_pc1/ava/images/158682.jpg,0.10214257812500001,0.4752,0.75,0.0,7.342677400233282
/home/omen_pc1/ava/images/754801.jpg,0.1252072390850517,0.406,1.0,1.0,7.9867586515561815
/home/omen_pc1/ava/images/439476.jpg,0.09280067152387639,0.3048,0.5,1.0,5.387892046356115
/home/omen_pc1/ava/images/131201.jpg,0.08563585766441209,0.3188,1.0,1.0,11.677351372117716
/home/omen_pc1/ava/images/625397.jpg,0.0561396037116552,0.2744,0.0,0.0,0.0
/home/omen_pc1/ava/images/111392.jpg,0.04190000000000001,0.1404,0.5,0.0,11.933174224343674
/home/omen_pc1/ava/images/490589.jpg,0.09751748679676353,0.383,1.0,1.0,10.25457108102163
/home/omen_pc1/ava/images/871284.jpg,0.09885862068965519,0.3876,0.6666666666666666,1.0,6.743637145813711
/home/omen_pc1/ava/images/562068.jpg,0.09144580807859531,0.3609,0.5,1.0,5.467719193538788
/home/omen_pc1/ava/images/131316.jpg,0.08158940153301887,0.3658,1.0,1.0,12.25649387310807
/home/omen_pc1/ava/images/196433.jpg,0.09808277713220839,0.4339,0.0,0.0,0.0
/home/omen_pc1/ava/images/578468.jpg,0.1056640625,0.4122,0.0,0.0,0.0
/home/omen_pc1/ava/images/604034.jpg,0.05865152960770122,0.1917,0.5,0.0,8.524926857736165
/home/omen_pc1/ava/images/62427.jpg,0.030436557630670068,0.1374,0.5,1.0,16.427613334832714
/home/omen_pc1/ava/images/65693.jpg,0.10214257812499998,0.4568,0.0,0.0,0.0
/home/omen_pc1/ava/images/624410.jpg,0.09723728437340051,0.446,0.0,0.0,0.0
/home/omen_pc1/ava/images/319560.jpg,0.12926816278061948,0.4711,0.5,1.0,3.867928415201105
/home/omen_pc1/ava/images/17264.jpg,0.13480057565789472,0.4908,1.0,1.0,7.418365946283955
/home/omen_pc1/ava/images/243355.jpg,0.10214257812499998,0.4744,1.0,1.0,9.790236533644379
/home/omen_pc1/ava/images/946774.jpg,0.099442624856974,0.3893,1.0,1.0,10.056049922639076
/home/omen_pc1/ava/images/893940.jpg,0.09112242318818063,0.3264,0.75,1.0,8.230685420328918
/home/omen_pc1/ava/images/662142.jpg,0.1075759796316063,0.4971,0.75,0.0,6.971816594823244
/home/omen_pc1/ava/images/164810.jpg,0.11209570312500002,0.4534,0.0,0.0,0.0
/home/omen_pc1/ava/images/946802.jpg,0.0692873820560751,0.2236,0.0,0.0,0.0
/home/omen_pc1/ava/images/903855.jpg,0.09094027929670356,0.4028,0.0,0.0,0.0
/home/omen_pc1/ava/images/399594.jpg,0.09999156552596218,0.4677,0.5,1.0,5.000421759275068
/home/omen_pc1/ava/images/438297.jpg,0.04798653830844078,0.2359,0.0,0.0,0.0
/home/omen_pc1/ava/images/849511.jpg,0.09090120621186454,0.3748,0.5,0.0,5.500477065558888
/home/omen_pc1/ava/images/733873.jpg,0.09904535330957734,0.4461,0.0,0.0,0.0
/home/omen_pc1/ava/images/777965.jpg,0.06268790254822305,0.2791,0.0,0.0,0.0
/home/omen_pc1/ava/images/412893.jpg,0.08487174479166668,0.3493,0.5,1.0,5.891242146928192
/home/omen_pc1/ava/images/635278.jpg,0.10367146164021164,0.3343,0.5,1.0,4.8229280468257825
/home/omen_pc1/ava/images/563843.jpg,0.1512675386444709,0.5349,1.0,1.0,6.610803672494025
/home/omen_pc1/ava/images/335279.jpg,0.09083575101826462,0.3983,0.0,0.0,0.0
/home/omen_pc1/ava/images/944895.jpg,0.13108462831852943,0.5453,1.0,1.0,7.628659537181182
/home/omen_pc1/ava/images/478577.jpg,0.12246691872899125,0.457,0.0,0.0,0.0
/home/omen_pc1/ava/images/460132.jpg,0.08664927541729284,0.3652,1.0,1.0,11.540777406205837
/home/omen_pc1/ava/images/607216.jpg,0.08756941349906643,0.3381,1.0,1.0,11.419512362163543
/home/omen_pc1/ava/images/934929.jpg,0.10265802234456409,0.3988,0.0,0.0,0.0
/home/omen_pc1/ava/images/764551.jpg,0.07271977038638237,0.3115,0.5,0.0,6.8757092788295004
/home/omen_pc1/ava/images/448658.jpg,0.10202880658436213,0.4329,0.5,0.0,4.90057677570282
/home/omen_pc1/ava/images/665339.jpg,0.09092283254015288,0.4522,1.0,1.0,10.998337513939473
/home/omen_pc1/ava/images/94555.jpg,0.10713728828787294,0.4375,1.0,1.0,9.333818467693957
/home/omen_pc1/ava/images/546747.jpg,0.11378976632882884,0.4389,0.5,1.0,4.394068255269139
/home/omen_pc1/ava/images/165359.jpg,0.0920206540644054,0.3346,0.0,0.0,0.0
/home/omen_pc1/ava/images/780535.jpg,0.091344482421875,0.4053,0.0,0.0,0.0
/home/omen_pc1/ava/images/676118.jpg,0.09085416666666667,0.344,0.5,1.0,5.503324925475808
/home/omen_pc1/ava/images/322541.jpg,0.049269817093022125,0.1869,0.5,1.0,10.148200856033071
/home/omen_pc1/ava/images/708943.jpg,0.10032843352181361,0.4246,0.25,1.0,2.491816040820018
/home/omen_pc1/ava/images/11271.jpg,0.06467825940860214,0.1903,0.0,0.0,0.0
/home/omen_pc1/ava/images/571071.jpg,0.10059420646770859,0.406,0.5,1.0,4.970465174458167
/home/omen_pc1/ava/images/480316.jpg,0.050401230882343606,0.1633,0.0,0.0,0.0
/home/omen_pc1/ava/images/304028.jpg,0.09962499999999999,0.4857,0.0,0.0,0.0
/home/omen_pc1/ava/images/77027.jpg,0.11654623717599452,0.4545,1.0,1.0,8.580285595063158
/home/omen_pc1/ava/images/161983.jpg,0.10221093750000002,0.3974,1.0,1.0,9.783688756401435
/home/omen_pc1/ava/images/526883.jpg,0.10985209344660196,0.4217,0.6666666666666666,0.0,6.068766154108177
/home/omen_pc1/ava/images/523957.jpg,0.09337011502311661,0.4202,1.0,1.0,10.710064989771295
/home/omen_pc1/ava/images/141895.jpg,0.0464886780510431,0.1923,0.0,0.0,0.0
/home/omen_pc1/ava/images/652952.jpg,0.11353851851851851,0.3761,0.0,0.0,0.0
/home/omen_pc1/ava/images/587833.jpg,0.09843736775482712,0.3939,1.0,1.0,10.15874380642368
/home/omen_pc1/ava/images/116882.jpg,0.10894061993827757,0.3531,0.5,1.0,4.5896562758986015
/home/omen_pc1/ava/images/499353.jpg,0.06110571923743502,0.2205,0.0,0.0,0.0
/home/omen_pc1/ava/images/150582.jpg,0.08646315586419752,0.315,1.0,1.0,11.565619945339954
/home/omen_pc1/ava/images/527175.jpg,0.11882952729086742,0.4576,0.5,1.0,4.2077083987392685
/home/omen_pc1/ava/images/605816.jpg,0.11432446036391056,0.4649,0.75,1.0,6.560275881579903
/home/omen_pc1/ava/images/491594.jpg,0.13628125,0.4944,0.25,0.0,1.8344416418252696
/home/omen_pc1/ava/images/102177.jpg,0.09031786575776297,0.4354,0.5,1.0,5.536003268069077
/home/omen_pc1/ava/images/527629.jpg,0.09164755306603772,0.292,0.0,0.0,0.0
/home/omen_pc1/ava/images/610926.jpg,0.0878706535926747,0.3281,0.0,0.0,0.0
/home/omen_pc1/ava/images/769247.jpg,0.04492970648238528,0.1505,0.0,0.0,0.0
/home/omen_pc1/ava/images/487701.jpg,0.10806525753210736,0.448,0.6666666666666666,0.0,6.169111904152847
/home/omen_pc1/ava/images/289121.jpg,0.09290353413454526,0.455,1.0,1.0,10.763853165712455
/home/omen_pc1/ava/images/780788.jpg,0.1270302653399668,0.5108,0.25,1.0,1.9680349350679025
/home/omen_pc1/ava/images/11322.jpg,0.1261727818825646,0.505,0.5,1.0,3.962819813748542
/home/omen_pc1/ava/images/920458.jpg,0.12641611758105162,0.5373,0.0,0.0,0.0
/home/omen_pc1/ava/images/468287.jpg,0.10150090843023259,0.4314,0.25,1.0,2.4630321429274633
/home/omen_pc1/ava/images/765437.jpg,0.06822768307134205,0.2698,0.3333333333333333,0.0,4.885602417200426
/home/omen_pc1/ava/images/145649.jpg,0.06654570550781426,0.2117,0.0,0.0,0.0
/home/omen_pc1/ava/images/495922.jpg,0.06330249567621889,0.2812,0.3333333333333333,0.0,5.265721829329993
/home/omen_pc1/ava/images/632136.jpg,0.14452455913310244,0.5311,0.0,0.0,0.0
/home/omen_pc1/ava/images/734618.jpg,0.1172533717105263,0.466,0.0,0.0,0.0
/home/omen_pc1/ava/images/172179.jpg,0.10988783718941564,0.511,1.0,1.0,9.100188206236894
/home/omen_pc1/ava/images/223153.jpg,0.1353558926108745,0.4539,0.75,1.0,5.540948277413561
/home/omen_pc1/ava/images/230154.jpg,0.131425845509131,0.4976,1.0,1.0,7.608853465055498
/home/omen_pc1/ava/images/785007.jpg,0.04681315104166667,0.1953,0.0,0.0,0.0
/home/omen_pc1/ava/images/792097.jpg,0.05139687898563257,0.2415,0.0,0.0,0.0
/home/omen_pc1/ava/images/874114.jpg,0.09267124839782716,0.336,0.75,1.0,8.093125030325858
/home/omen_pc1/ava/images/184012.jpg,0.13922460937499997,0.6534,0.0,0.0,0.0
/home/omen_pc1/ava/images/1203.jpg,0.05541666666666667,0.2237,0.0,0.0,0.0
/home/omen_pc1/ava/images/382635.jpg,0.11041946698152097,0.435,1.0,1.0,9.056374091783589
/home/omen_pc1/ava/images/229378.jpg,0.1244005159345336,0.448,1.0,1.0,8.038551870044133
/home/omen_pc1/ava/images/316765.jpg,0.09613125,0.343,1.0,1.0,10.402444574475002
/home/omen_pc1/ava/images/602688.jpg,0.10127642106118631,0.3445,1.0,1.0,9.873966610607699
/home/omen_pc1/ava/images/644363.jpg,0.07587486155327787,0.273,0.6666666666666666,1.0,8.786397141542672
/home/omen_pc1/ava/images/444363.jpg,0.09120630357131787,0.3758,1.0,1.0,10.964154459105558
/home/omen_pc1/ava/images/603788.jpg,0.09512024747415235,0.4053,0.0,0.0,0.0
/home/omen_pc1/ava/images/46853.jpg,0.07938231231769297,0.3783,1.0,1.0,12.597264690375075
/home/omen_pc1/ava/images/140803.jpg,0.09357162445935409,0.357,0.6666666666666666,1.0,7.124667018645757
/home/omen_pc1/ava/images/140848.jpg,0.12635855944313454,0.4982,0.25,0.0,1.978496756387193
/home/omen_pc1/ava/images/675076.jpg,0.072690329218107,0.2591,1.0,1.0,13.75698818201118
/home/omen_pc1/ava/images/234360.jpg,0.07494290620304185,0.317,0.0,0.0,0.0
/home/omen_pc1/ava/images/837684.jpg,0.07601041666666668,0.2463,1.0,1.0,13.156091544470328
/home/omen_pc1/ava/images/769255.jpg,0.1347233959311424,0.483,1.0,1.0,7.4226157460512905
/home/omen_pc1/ava/images/276781.jpg,0.04625953774552725,0.2252,0.0,0.0,0.0
/home/omen_pc1/ava/images/244667.jpg,0.09699790396341464,0.4438,0.0,0.0,0.0
/home/omen_pc1/ava/images/10554.jpg,0.13224023437500002,0.5817,0.0,0.0,0.0
/home/omen_pc1/ava/images/832491.jpg,0.05395543981481482,0.2144,0.5,0.0,9.266906204751434
/home/omen_pc1/ava/images/753701.jpg,0.09419372372011711,0.3969,0.0,0.0,0.0
/home/omen_pc1/ava/images/946939.jpg,0.09092054290585411,0.3763,1.0,1.0,10.99861448292796
/home/omen_pc1/ava/images/264597.jpg,0.0895907969053271,0.3416,1.0,1.0,11.161860755147938
/home/omen_pc1/ava/images/944786.jpg,0.08534510357815442,0.2948,0.5,0.0,5.858566912888296
/home/omen_pc1/ava/images/515799.jpg,0.10699054939541619,0.4125,1.0,1.0,9.346619917841483
/home/omen_pc1/ava/images/401732.jpg,0.1021177548307964,0.364,0.5,1.0,4.896308196635081
/home/omen_pc1/ava/images/66066.jpg,0.13475,0.4816,0.0,0.0,0.0
/home/omen_pc1/ava/images/94929.jpg,0.07162369791666666,0.2463,0.0,0.0,0.0
/home/omen_pc1/ava/images/582167.jpg,0.0660348811826176,0.3082,0.0,0.0,0.0
/home/omen_pc1/ava/images/802728.jpg,0.07462323159822927,0.3071,1.0,1.0,13.400652565999687
/home/omen_pc1/ava/images/720087.jpg,0.0907034664909511,0.4239,1.0,1.0,11.024936958718811
/home/omen_pc1/ava/images/46667.jpg,0.10752604166666666,0.4808,0.0,0.0,0.0
/home/omen_pc1/ava/images/328190.jpg,0.03030771169354838,0.1225,0.0,0.0,0.0
/home/omen_pc1/ava/images/781.jpg,0.07384505208333333,0.3086,0.0,0.0,0.0
/home/omen_pc1/ava/images/68306.jpg,0.08394203852153001,0.2743,1.0,1.0,11.912982072070044
/home/omen_pc1/ava/images/510521.jpg,0.07985546211616999,0.3547,1.0,1.0,12.522624921326567
/home/omen_pc1/ava/images/927965.jpg,0.11763080202796919,0.4974,0.25,1.0,2.1252936789511754
/home/omen_pc1/ava/images/639579.jpg,0.09070346633448889,0.3664,0.0,0.0,0.0
/home/omen_pc1/ava/images/56780.jpg,0.10791850830500316,0.4818,1.0,1.0,9.266251134363015
/home/omen_pc1/ava/images/234464.jpg,0.09726204668891254,0.4673,0.25,1.0,2.5703756862079166
/home/omen_pc1/ava/images/765721.jpg,0.0486326071180516,0.1865,0.0,0.0,0.0
/home/omen_pc1/ava/images/192867.jpg,0.11197198561080964,0.4776,1.0,1.0,8.930805277275187
/home/omen_pc1/ava/images/12944.jpg,0.08030341560708053,0.3115,0.0,0.0,0.0
/home/omen_pc1/ava/images/1861.jpg,0.0925859375,0.3233,0.3333333333333333,1.0,3.6002587685989926
/home/omen_pc1/ava/images/923113.jpg,0.0875643287455846,0.3553,0.0,0.0,0.0
/home/omen_pc1/ava/images/9793.jpg,0.07347886029411764,0.3615,1.0,1.0,13.609356432547377
/home/omen_pc1/ava/images/148542.jpg,0.0875537109375,0.288,0.3333333333333333,1.0,3.8071868086925806
/home/omen_pc1/ava/images/51758.jpg,0.12527293332729467,0.484,0.5,1.0,3.991285162084244
/home/omen_pc1/ava/images/388783.jpg,0.07621794871794872,0.2635,1.0,1.0,13.12026913372582
/home/omen_pc1/ava/images/62814.jpg,0.092414031124498,0.3444,0.0,0.0,0.0
/home/omen_pc1/ava/images/40730.jpg,0.10224744325268147,0.4422,0.3333333333333333,1.0,3.260065217568084
/home/omen_pc1/ava/images/404627.jpg,0.12977429819915254,0.509,1.0,1.0,7.705686055534611
/home/omen_pc1/ava/images/216145.jpg,0.0974238224137819,0.46,0.5,1.0,5.132214971779513
/home/omen_pc1/ava/images/948487.jpg,0.10897031250000003,0.4082,0.6666666666666666,1.0,6.117874229888682
/home/omen_pc1/ava/images/938518.jpg,0.09327806993195087,0.345,0.5,1.0,5.36031674288249
/home/omen_pc1/ava/images/671851.jpg,0.0907034664909511,0.329,1.0,1.0,11.024936958718811
/home/omen_pc1/ava/images/274831.jpg,0.11334480216269353,0.4123,0.5,1.0,4.41131830008673
/home/omen_pc1/ava/images/495622.jpg,0.1023506119190682,0.3945,0.5,1.0,4.885168643597026
/home/omen_pc1/ava/images/827662.jpg,0.08649684175531916,0.3527,0.0,0.0,0.0
/home/omen_pc1/ava/images/794966.jpg,0.09056250000000002,0.3991,0.0,0.0,0.0
/home/omen_pc1/ava/images/505729.jpg,0.10529012345679012,0.3364,1.0,1.0,9.497566981298002
/home/omen_pc1/ava/images/285622.jpg,0.12488418123664322,0.5394,1.0,1.0,8.00741927518505
/home/omen_pc1/ava/images/39528.jpg,0.04925,0.222,0.0,0.0,0.0
/home/omen_pc1/ava/images/291996.jpg,0.10285894119903574,0.4649,1.0,1.0,9.722052243032175
/home/omen_pc1/ava/images/327280.jpg,0.09900931744904358,0.418,0.0,0.0,0.0
/home/omen_pc1/ava/images/210849.jpg,0.0879578550555389,0.351,0.0,0.0,0.0
/home/omen_pc1/ava/images/110403.jpg,0.09303850225536227,0.3952,0.0,0.0,0.0
/home/omen_pc1/ava/images/812566.jpg,0.11301028806584361,0.5015,0.0,0.0,0.0
/home/omen_pc1/ava/images/497522.jpg,0.10887064544151659,0.4246,0.0,0.0,0.0
/home/omen_pc1/ava/images/90412.jpg,0.07753531678082191,0.361,1.0,1.0,12.897348479620147
/home/omen_pc1/ava/images/443444.jpg,0.04960033469338167,0.2422,0.25,0.0,5.040288569531736
/home/omen_pc1/ava/images/586388.jpg,0.08575719950923807,0.3962,0.0,0.0,0.0
/home/omen_pc1/ava/images/841277.jpg,0.11377188005875835,0.3974,1.0,1.0,8.789518108372143
/home/omen_pc1/ava/images/311861.jpg,0.08263409024532711,0.3261,0.0,0.0,0.0
/home/omen_pc1/ava/images/157042.jpg,0.10043650728401159,0.428,0.5,1.0,4.978269491053823
/home/omen_pc1/ava/images/322962.jpg,0.11466400621761623,0.4406,1.0,1.0,8.72113257670537
/home/omen_pc1/ava/images/196231.jpg,0.1263069968553459,0.4356,0.0,0.0,0.0
/home/omen_pc1/ava/images/383255.jpg,0.12931784300142843,0.486,0.0,0.0,0.0
/home/omen_pc1/ava/images/119050.jpg,0.06637637362637362,0.1946,0.0,0.0,0.0
/home/omen_pc1/ava/images/828686.jpg,0.11648996913580248,0.5264,0.0,0.0,0.0
/home/omen_pc1/ava/images/155696.jpg,0.07113454545454545,0.3002,0.0,0.0,0.0
/home/omen_pc1/ava/images/7291.jpg,0.10221093750000002,0.43,0.0,0.0,0.0
/home/omen_pc1/ava/images/924237.jpg,0.114579498257572,0.4285,0.0,0.0,0.0
/home/omen_pc1/ava/images/491363.jpg,0.09646510261679711,0.315,0.25,0.0,2.5916107817053047
/home/omen_pc1/ava/images/95496.jpg,0.10007839814529414,0.4006,0.75,1.0,7.494124745193739
/home/omen_pc1/ava/images/76009.jpg,0.1295009237673856,0.511,0.0,0.0,0.0
/home/omen_pc1/ava/images/477488.jpg,0.11683700284090912,0.4267,1.0,1.0,8.558932321823148
/home/omen_pc1/ava/images/606457.jpg,0.09134357076092309,0.329,1.0,1.0,10.94767799933437
/home/omen_pc1/ava/images/270237.jpg,0.09768736428589102,0.4777,1.0,1.0,10.236738469812824
/home/omen_pc1/ava/images/36534.jpg,0.09078435146947547,0.3831,0.0,0.0,0.0
/home/omen_pc1/ava/images/339698.jpg,0.11419990201392931,0.554,0.0,0.0,0.0
/home/omen_pc1/ava/images/438886.jpg,0.14783447265625,0.6304,0.0,0.0,0.0
/home/omen_pc1/ava/images/45946.jpg,0.08966200657894736,0.3701,0.6666666666666666,1.0,7.435330661261377
/home/omen_pc1/ava/images/442789.jpg,0.11721133570995143,0.4699,1.0,1.0,8.531598022861695
/home/omen_pc1/ava/images/884442.jpg,0.053905369657460865,0.2584,0.0,0.0,0.0
/home/omen_pc1/ava/images/50474.jpg,0.10253999999999999,0.3732,1.0,1.0,9.752291788570314
/home/omen_pc1/ava/images/874843.jpg,0.10076806001895817,0.447,1.0,1.0,9.923779417921345
/home/omen_pc1/ava/images/810774.jpg,0.09151504629629628,0.4271,0.3333333333333333,1.0,3.642388293768734
/home/omen_pc1/ava/images/188901.jpg,0.08802218434137599,0.3468,1.0,1.0,11.360772372129565
/home/omen_pc1/ava/images/835721.jpg,0.14119249999999997,0.541,0.3333333333333333,1.0,2.360843057055675
/home/omen_pc1/ava/images/34773.jpg,0.13001953125,0.5131,1.0,1.0,7.69115217064744
/home/omen_pc1/ava/images/889911.jpg,0.089488226720835,0.3068,0.6666666666666666,0.0,7.449769551768877
/home/omen_pc1/ava/images/184178.jpg,0.09420441637339895,0.469,0.0,0.0,0.0
/home/omen_pc1/ava/images/617342.jpg,0.07934823091247672,0.2385,1.0,1.0,12.602675428303215
/home/omen_pc1/ava/images/908585.jpg,0.0334938237646072,0.1441,0.0,0.0,0.0
/home/omen_pc1/ava/images/263368.jpg,0.06412109375,0.302,0.0,0.0,0.0
/home/omen_pc1/ava/images/704456.jpg,0.09553119224597674,0.3366,0.0,0.0,0.0
/home/omen_pc1/ava/images/531608.jpg,0.09818214168683052,0.4488,0.0,0.0,0.0
/home/omen_pc1/ava/images/20730.jpg,0.10994515203468555,0.446,1.0,1.0,9.095444241911817
/home/omen_pc1/ava/images/43183.jpg,0.10190379573991874,0.376,0.5,1.0,4.906588575720101
/home/omen_pc1/ava/images/23197.jpg,0.10554775497939559,0.4436,0.25,1.0,2.3685960923451526
/home/omen_pc1/ava/images/776396.jpg,0.06770939181512212,0.2268,0.75,0.0,11.076749914514755
/home/omen_pc1/ava/images/543684.jpg,0.1178673345415258,0.4699,0.0,0.0,0.0
/home/omen_pc1/ava/images/659391.jpg,0.10888828525543218,0.392,0.25,1.0,2.2959310950075604
/home/omen_pc1/ava/images/2998.jpg,0.10178776041666666,0.4574,1.0,1.0,9.824363910813197
/home/omen_pc1/ava/images/903718.jpg,0.05741411790282376,0.2259,0.5,1.0,8.708659442373996
/home/omen_pc1/ava/images/373467.jpg,0.13626810083217533,0.5601,0.5,1.0,3.669237311935451
/home/omen_pc1/ava/images/55756.jpg,0.09976409452776441,0.444,1.0,1.0,10.023646330210509
/home/omen_pc1/ava/images/769530.jpg,0.09073263888888888,0.4214,1.0,1.0,11.021392216141749
/home/omen_pc1/ava/images/443792.jpg,0.07798044871794872,0.3741,0.0,0.0,0.0
/home/omen_pc1/ava/images/947805.jpg,0.08959782912285114,0.3466,0.6666666666666666,0.0,7.440656466716102
/home/omen_pc1/ava/images/449939.jpg,0.09085416666666667,0.3378,1.0,1.0,11.006649850951616
/home/omen_pc1/ava/images/775277.jpg,0.0869656635802469,0.3812,0.3333333333333333,1.0,3.8329303728678217
/home/omen_pc1/ava/images/860698.jpg,0.10459017171420068,0.4941,0.0,0.0,0.0
/home/omen_pc1/ava/images/514282.jpg,0.12096875834465048,0.4045,1.0,1.0,8.26659720810652
/home/omen_pc1/ava/images/344504.jpg,0.10782564975247524,0.3901,1.0,1.0,9.274231152750778
/home/omen_pc1/ava/images/7935.jpg,0.113408203125,0.4026,1.0,1.0,8.817704296908637
/home/omen_pc1/ava/images/509721.jpg,0.1134242957746479,0.402,0.5,0.0,4.408226620100892
/home/omen_pc1/ava/images/266169.jpg,0.05592388014527845,0.1884,0.0,0.0,0.0
/home/omen_pc1/ava/images/12835.jpg,0.105697265625,0.3588,0.3333333333333333,1.0,3.1536608952208485
/home/omen_pc1/ava/images/255172.jpg,0.07715314797794116,0.3177,0.0,0.0,0.0
/home/omen_pc1/ava/images/185772.jpg,0.07267890772128059,0.2394,0.5,1.0,6.879575046965085
/home/omen_pc1/ava/images/627143.jpg,0.1007197862416855,0.4597,0.0,0.0,0.0
/home/omen_pc1/ava/images/288009.jpg,0.09818214168683052,0.4271,1.0,1.0,10.18515162553368
/home/omen_pc1/ava/images/383858.jpg,0.04752117406542056,0.1464,1.0,1.0,21.043251133133595
/home/omen_pc1/ava/images/608273.jpg,0.09136807555652159,0.3584,1.0,1.0,10.944741846744773
/home/omen_pc1/ava/images/349594.jpg,0.09714440247252745,0.35,1.0,1.0,10.293953892843195
/home/omen_pc1/ava/images/571917.jpg,0.11654434852211493,0.4709,0.0,0.0,0.0
/home/omen_pc1/ava/images/254608.jpg,0.113408203125,0.4585,0.0,0.0,0.0
/home/omen_pc1/ava/images/600864.jpg,0.10709145349953811,0.4092,1.0,1.0,9.33781331116505
/home/omen_pc1/ava/images/52574.jpg,0.09085416666666668,0.4215,0.0,0.0,0.0
/home/omen_pc1/ava/images/334085.jpg,0.10133868515242395,0.4428,0.25,1.0,2.466974972331385
/home/omen_pc1/ava/images/117106.jpg,0.05815152530560448,0.2024,0.5,1.0,8.598226742503199
/home/omen_pc1/ava/images/785201.jpg,0.09085416666666668,0.4126,1.0,1.0,11.006649850951614
/home/omen_pc1/ava/images/660131.jpg,0.14450035398203523,0.6132,0.5,1.0,3.460199135997699
/home/omen_pc1/ava/images/438734.jpg,0.0406875,0.1822,0.0,0.0,0.0
/home/omen_pc1/ava/images/926122.jpg,0.10288166666666668,0.3499,1.0,1.0,9.7199047449335
/home/omen_pc1/ava/images/199059.jpg,0.10221093749999999,0.371,0.5,1.0,4.8918443782007195
/home/omen_pc1/ava/images/947377.jpg,0.09092054557614214,0.3668,0.5,1.0,5.499307079952254
/home/omen_pc1/ava/images/716619.jpg,0.09760343803572476,0.3523,0.5,1.0,5.122770366111389
/home/omen_pc1/ava/images/230936.jpg,0.1106378225750472,0.4177,0.0,0.0,0.0
/home/omen_pc1/ava/images/801086.jpg,0.08091319444444445,0.3671,0.0,0.0,0.0
/home/omen_pc1/ava/images/527684.jpg,0.10871499693627454,0.4042,0.0,0.0,0.0
/home/omen_pc1/ava/images/121533.jpg,0.05076831400522851,0.2495,1.0,1.0,19.69732538088644
/home/omen_pc1/ava/images/854674.jpg,0.10823428470899492,0.4156,0.3333333333333333,0.0,3.0797388667514456
/home/omen_pc1/ava/images/422586.jpg,0.11090759762721285,0.4686,0.25,1.0,2.254128710282863
/home/omen_pc1/ava/images/30720.jpg,0.09572656249999999,0.3686,0.75,1.0,7.834815963437527
/home/omen_pc1/ava/images/939641.jpg,0.09033375128593363,0.3472,0.0,0.0,0.0
/home/omen_pc1/ava/images/639877.jpg,0.07697636811968848,0.3767,0.0,0.0,0.0
/home/omen_pc1/ava/images/616691.jpg,0.08219851752319189,0.3766,1.0,1.0,12.165669529476066
/home/omen_pc1/ava/images/214386.jpg,0.11754025264621026,0.4599,0.5,0.0,4.2538618791723435
/home/omen_pc1/ava/images/787378.jpg,0.10134209983498348,0.3893,0.75,1.0,7.400675545713319
/home/omen_pc1/ava/images/3849.jpg,0.07780989583333334,0.2939,0.5,0.0,6.42591786873724
/home/omen_pc1/ava/images/846760.jpg,0.10117480842604569,0.4446,0.5,1.0,4.94194165304971
/home/omen_pc1/ava/images/772470.jpg,0.12077991452991452,0.4565,1.0,1.0,8.27952233524989
/home/omen_pc1/ava/images/308667.jpg,0.1367935981812362,0.441,0.0,0.0,0.0
/home/omen_pc1/ava/images/291730.jpg,0.05328052432561324,0.2688,0.0,0.0,0.0
/home/omen_pc1/ava/images/117437.jpg,0.10102666666666664,0.4008,1.0,1.0,9.898376666226742
/home/omen_pc1/ava/images/401041.jpg,0.09072656375169774,0.3438,0.5,0.0,5.511065109535173
/home/omen_pc1/ava/images/870783.jpg,0.04182425855529452,0.203,0.25,0.0,5.9773922750951565
/home/omen_pc1/ava/images/33610.jpg,0.05177120315581853,0.2179,0.0,0.0,0.0
